eidr_normalized,wdc_count,wikidata_count,pairs_count,is_problematic,sample_wdc_value
105240/83f7acb78859b7b81187t,3,1,3,1,10.5240/83F7-ACB7-8859-B7B8-1187-T
105240/60d4e6841f46d64c59bag,3,1,3,1,10.5240/60D4-E684-1F46-D64C-59BA-G
105240/30fd323596e17f0c96af3,3,1,3,1,10.5240/30FD-3235-96E1-7F0C-96AF-3
105240/f3ca8a2f426afb7b2277i,2,1,2,1,10.5240/F3CA-8A2F-426A-FB7B-2277-I
105240/ed26433bdeaf915c3973u,2,1,2,1,10.5240/ED26-433B-DEAF-915C-3973-U
105240/e8423f719312ec8ba8b5a,2,1,2,1,10.5240/E842-3F71-9312-EC8B-A8B5-A
105240/e3b8c00eed40d7895a9e9,2,1,2,1,10.5240/E3B8-C00E-ED40-D789-5A9E-9
105240/d8ac22ca95f14ac01449a,2,1,2,1,10.5240/D8AC-22CA-95F1-4AC0-1449-A
105240/d79470c9111cd36b0e29d,2,1,2,1,10.5240/D794-70C9-111C-D36B-0E29-D
105240/d60a62fe4002f2b4c8c4a,2,1,2,1,10.5240/D60A-62FE-4002-F2B4-C8C4-A
105240/d470360cb0e98742ca0ak,2,1,2,1,10.5240/D470-360C-B0E9-8742-CA0A-K
105240/d3c921cbea8db352f3653,2,1,2,1,10.5240/D3C9-21CB-EA8D-B352-F365-3
105240/d21e3b4e35a9a1b8f5c0o,2,1,2,1,10.5240/D21E-3B4E-35A9-A1B8-F5C0-O
105240/d03bf2c347be182f85955,2,1,2,1,10.5240/D03B-F2C3-47BE-182F-8595-5
105240/cf8c4d76482ef35f8df2z,2,1,2,1,10.5240/CF8C-4D76-482E-F35F-8DF2-Z
105240/cadc3108d6b86908c5dfn,2,1,2,1,10.5240/CADC-3108-D6B8-6908-C5DF-N
105240/c2e6e66b2497bb2e29a7j,2,1,2,1,10.5240/C2E6-E66B-2497-BB2E-29A7-J
105240/c2b5c8236769abf1e33a4,2,1,2,1,10.5240/C2B5-C823-6769-ABF1-E33A-4
105240/c2794b133fa8b3d33ba8k,2,1,2,1,10.5240/C279-4B13-3FA8-B3D3-3BA8-K
105240/bf71f98c596d652cac595,2,1,2,1,10.5240/BF71-F98C-596D-652C-AC59-5
105240/ba1ef52e2b43d44fe0e31,2,1,2,1,10.5240/BA1E-F52E-2B43-D44F-E0E3-1
105240/b07ee3058057cd370887e,2,1,2,1,10.5240/B07E-E305-8057-CD37-0887-E
105240/ada405e56a7cbee0bfe8w,2,1,2,1,10.5240/ADA4-05E5-6A7C-BEE0-BFE8-W
105240/ad754c244c6e7180da6dk,2,1,2,1,10.5240/AD75-4C24-4C6E-7180-DA6D-K
105240/a33f27eaf985fb810cbfn,2,1,2,1,10.5240/A33F-27EA-F985-FB81-0CBF-N
105240/9d586871e30ed1e28706z,2,1,2,1,10.5240/9D58-6871-E30E-D1E2-8706-Z
105240/87529e3448d3576f9ea3n,2,1,2,1,10.5240/8752-9E34-48D3-576F-9EA3-N
105240/8537d218c1cbd54f4bbaq,2,1,2,1,10.5240/8537-D218-C1CB-D54F-4BBA-Q
105240/83cab999433426402994k,2,1,2,1,10.5240/83CA-B999-4334-2640-2994-K
105240/80341337d2da2134bc92v,2,1,2,1,10.5240/8034-1337-D2DA-2134-BC92-V
105240/7f9354bb49efcd692c90r,2,1,2,1,10.5240/7F93-54BB-49EF-CD69-2C90-R
105240/73882489aad3ba65e318y,2,1,2,1,10.5240/7388-2489-AAD3-BA65-E318-Y
105240/71a5204f10f2ae31f66c5,2,1,2,1,10.5240/71A5-204F-10F2-AE31-F66C-5
105240/60b738494ceb99d95382s,2,1,2,1,10.5240/60B7-3849-4CEB-99D9-5382-S
105240/5954c921c67753c110f9g,2,1,2,1,10.5240/5954-C921-C677-53C1-10F9-G
105240/4e5878536b0f88a29c65m,2,1,2,1,10.5240/4E58-7853-6B0F-88A2-9C65-M
105240/4aedb282ce41d47d461d8,2,1,2,1,10.5240/4AED-B282-CE41-D47D-461D-8
105240/47f844a5c97f86b904ffn,2,1,2,1,10.5240/47F8-44A5-C97F-86B9-04FF-N
105240/40db0a54275db1f11bbei,2,1,2,1,10.5240/40DB-0A54-275D-B1F1-1BBE-I
105240/3d98977893ce183f1fbcy,2,1,2,1,10.5240/3D98-9778-93CE-183F-1FBC-Y
105240/3b9f7d0d9c2ceadf7ad3w,2,1,2,1,10.5240/3B9F-7D0D-9C2C-EADF-7AD3-W
105240/3b13acb5e0807b6ddf7ev,2,1,2,1,10.5240/3B13-ACB5-E080-7B6D-DF7E-V
105240/37b5ecb98e1a98901f4d2,2,1,2,1,10.5240/37B5-ECB9-8E1A-9890-1F4D-2
105240/2b72af596f1d045265f4i,2,1,2,1,10.5240/2B72-AF59-6F1D-0452-65F4-I
105240/2a9a64b20dbb25d0f53fx,2,1,2,1,10.5240/2A9A-64B2-0DBB-25D0-F53F-X
105240/26feae936b1c564549f9t,2,1,2,1,10.5240/26FE-AE93-6B1C-5645-49F9-T
105240/24db42b239f6621513991,2,1,2,1,10.5240/24DB-42B2-39F6-6215-1399-1
105240/249de76f7e61b4989caf3,2,1,2,1,10.5240/249D-E76F-7E61-B498-9CAF-3
105240/229601cfddfa40d40c43o,2,1,2,1,10.5240/2296-01CF-DDFA-40D4-0C43-O
105240/21a6ed2aa2c0619a97464,2,1,2,1,10.5240/21A6-ED2A-A2C0-619A-9746-4
105240/15b695bb3742fea9e4676,2,1,2,1,10.5240/15B6-95BB-3742-FEA9-E467-6
105240/15677bc924c701d45396j,2,1,2,1,10.5240/1567-7BC9-24C7-01D4-5396-J
105240/11eb711b4b0794a4a7c6e,2,1,2,1,10.5240/11EB-711B-4B07-94A4-A7C6-E
105240/0ebe34d296af26a9c38di,2,1,2,1,10.5240/0EBE-34D2-96AF-26A9-C38D-I
105240/0c7dc5c4eaaa97ec1c242,2,1,2,1,10.5240/0C7D-C5C4-EAAA-97EC-1C24-2
105240/090065f78aa2d9779398b,2,1,2,1,10.5240/0900-65F7-8AA2-D977-9398-B
105240/fff095b58628b472e3264,1,1,1,0,10.5240/FFF0-95B5-8628-B472-E326-4
105240/ffdf5c4b9421417fb40bu,1,1,1,0,10.5240/FFDF-5C4B-9421-417F-B40B-U
105240/ff9e0aee063df5608130n,1,1,1,0,10.5240/FF9E-0AEE-063D-F560-8130-N
105240/ff84d52e25238d49142dp,1,1,1,0,10.5240/FF84-D52E-2523-8D49-142D-P
105240/ff77c26d98e95ff3f13c1,1,1,1,0,10.5240/FF77-C26D-98E9-5FF3-F13C-1
105240/ff592dd4e6c5d715d9778,1,1,1,0,10.5240/FF59-2DD4-E6C5-D715-D977-8
105240/ff33761e5c70ec46dea5n,1,1,1,0,10.5240/FF33-761E-5C70-EC46-DEA5-N
105240/ff1f8bbfb72ecb9b90e9u,1,1,1,0,10.5240/FF1F-8BBF-B72E-CB9B-90E9-U
105240/fef2e07dec8e24baef46g,1,1,1,0,10.5240/FEF2-E07D-EC8E-24BA-EF46-G
105240/fecc9460ae4783102a62m,1,1,1,0,10.5240/FECC-9460-AE47-8310-2A62-M
105240/fe1cb18f2f52df528d9a2,1,1,1,0,10.5240/FE1C-B18F-2F52-DF52-8D9A-2
105240/fdfcb057361b0ee55243w,1,1,1,0,10.5240/FDFC-B057-361B-0EE5-5243-W
105240/fdbfdb4ecf9f7be805540,1,1,1,0,10.5240/FDBF-DB4E-CF9F-7BE8-0554-0
105240/fd747b266e7cb8ecf4d8t,1,1,1,0,10.5240/FD74-7B26-6E7C-B8EC-F4D8-T
105240/fd0e880d5ed43ab21c53g,1,1,1,0,10.5240/FD0E-880D-5ED4-3AB2-1C53-G
105240/fce5be9373f4666eb9620,1,1,1,0,10.5240/FCE5-BE93-73F4-666E-B962-0
105240/fcc910cfeada1af485fdk,1,1,1,0,10.5240/FCC9-10CF-EADA-1AF4-85FD-K
105240/fcab665314ff6f5cedafm,1,1,1,0,10.5240/FCAB-6653-14FF-6F5C-EDAF-M
105240/fca69cccd328da0678abe,1,1,1,0,10.5240/FCA6-9CCC-D328-DA06-78AB-E
105240/fc9e16f17fa359a6deacz,1,1,1,0,10.5240/FC9E-16F1-7FA3-59A6-DEAC-Z
105240/fc916196b50a4e088df2k,1,1,1,0,10.5240/FC91-6196-B50A-4E08-8DF2-K
105240/fc75cb795efed7e6b6f7n,1,1,1,0,10.5240/FC75-CB79-5EFE-D7E6-B6F7-N
105240/fc70b2913d16232f79aat,1,1,1,0,10.5240/FC70-B291-3D16-232F-79AA-T
105240/fc3b0fbfc50cd98584aea,1,1,1,0,10.5240/FC3B-0FBF-C50C-D985-84AE-A
105240/fc0061732466f8006978l,1,1,1,0,10.5240/FC00-6173-2466-F800-6978-L
105240/fb7e3b4ee56bb8988cd0b,1,1,1,0,10.5240/FB7E-3B4E-E56B-B898-8CD0-B
105240/fb5ca8d02e8ce666ca8bc,1,1,1,0,10.5240/FB5C-A8D0-2E8C-E666-CA8B-C
105240/fac85410e2d80855a37f2,1,1,1,0,10.5240/FAC8-5410-E2D8-0855-A37F-2
105240/fa52c2fe11f323cb99dcv,1,1,1,0,10.5240/FA52-C2FE-11F3-23CB-99DC-V
105240/fa43e83a2b8558291432s,1,1,1,0,10.5240/FA43-E83A-2B85-5829-1432-S
105240/fa417cbb01232be073c0y,1,1,1,0,10.5240/FA41-7CBB-0123-2BE0-73C0-Y
105240/fa3a7415141b1e24b0be7,1,1,1,0,10.5240/FA3A-7415-141B-1E24-B0BE-7
105240/f9cc338a19e4b99f69abq,1,1,1,0,10.5240/F9CC-338A-19E4-B99F-69AB-Q
105240/f9a65bc17f5ae8c1fec8d,1,1,1,0,10.5240/F9A6-5BC1-7F5A-E8C1-FEC8-D
105240/f9a1b47baa370c3226998,1,1,1,0,10.5240/F9A1-B47B-AA37-0C32-2699-8
105240/f93dad708c421510ab316,1,1,1,0,10.5240/F93D-AD70-8C42-1510-AB31-6
105240/f8d4c712b8357237b914z,1,1,1,0,10.5240/F8D4-C712-B835-7237-B914-Z
105240/f8340a64da813622a80fk,1,1,1,0,10.5240/F834-0A64-DA81-3622-A80F-K
105240/f7871e750c86697c4f9el,1,1,1,0,10.5240/F787-1E75-0C86-697C-4F9E-L
105240/f773ffff243a7e08691ac,1,1,1,0,10.5240/F773-FFFF-243A-7E08-691A-C
105240/f6df729c9d9296464171j,1,1,1,0,10.5240/F6DF-729C-9D92-9646-4171-J
105240/f68d47440f23f920f20fs,1,1,1,0,10.5240/F68D-4744-0F23-F920-F20F-S
105240/f6483c8b458e824c956dn,1,1,1,0,10.5240/F648-3C8B-458E-824C-956D-N
105240/f62c338d3091641b1d2cj,1,1,1,0,10.5240/F62C-338D-3091-641B-1D2C-J
105240/f605ebd11d292d7dbe289,1,1,1,0,10.5240/F605-EBD1-1D29-2D7D-BE28-9
105240/f5f45f2fa86a4a9da1d9c,1,1,1,0,10.5240/F5F4-5F2F-A86A-4A9D-A1D9-C
105240/f5f29ff7732e0cd3331ek,1,1,1,0,10.5240/F5F2-9FF7-732E-0CD3-331E-K
105240/f554245119e4721aa68cp,1,1,1,0,10.5240/F554-2451-19E4-721A-A68C-P
105240/f5519af749af9cffbbd6x,1,1,1,0,10.5240/F551-9AF7-49AF-9CFF-BBD6-X
105240/f4507eceb3a40bd83d38x,1,1,1,0,10.5240/F450-7ECE-B3A4-0BD8-3D38-X
105240/f4303b87ff8120be970bw,1,1,1,0,10.5240/F430-3B87-FF81-20BE-970B-W
105240/f412bda3b9d2ccb395f2c,1,1,1,0,10.5240/F412-BDA3-B9D2-CCB3-95F2-C
105240/f376a62bda0d0fc7ae9fh,1,1,1,0,10.5240/F376-A62B-DA0D-0FC7-AE9F-H
105240/f359d19080a643b29b808,1,1,1,0,10.5240/F359-D190-80A6-43B2-9B80-8
105240/f33dfcf0a120a35204db9,1,1,1,0,10.5240/F33D-FCF0-A120-A352-04DB-9
105240/f330050bdd1eaed3a1db5,1,1,1,0,10.5240/F330-050B-DD1E-AED3-A1DB-5
105240/f318f645f2dfa63c036br,1,1,1,0,10.5240/F318-F645-F2DF-A63C-036B-R
105240/f3122a003d339b4551dea,1,1,1,0,10.5240/F312-2A00-3D33-9B45-51DE-A
105240/f310580d7aa9daa3437ft,1,1,1,0,10.5240/F310-580D-7AA9-DAA3-437F-T
105240/f2aeaa3c5e5df65de781z,1,1,1,0,10.5240/F2AE-AA3C-5E5D-F65D-E781-Z
105240/f2877316c9ce9a8a9ad0r,1,1,1,0,10.5240/F287-7316-C9CE-9A8A-9AD0-R
105240/f27a5e7a4c4fd54f47280,1,1,1,0,10.5240/F27A-5E7A-4C4F-D54F-4728-0
105240/f2330a7e31ce4eb1f39bi,1,1,1,0,10.5240/F233-0A7E-31CE-4EB1-F39B-I
105240/f18b449a1d18b3ec2207s,1,1,1,0,10.5240/F18B-449A-1D18-B3EC-2207-S
105240/f126cfd78d68b0068a56w,1,1,1,0,10.5240/F126-CFD7-8D68-B006-8A56-W
105240/f0d679e0ef443f30a314o,1,1,1,0,10.5240/F0D6-79E0-EF44-3F30-A314-O
105240/f058ee1cce15095992d8o,1,1,1,0,10.5240/F058-EE1C-CE15-0959-92D8-O
105240/f040662a915f284a18fct,1,1,1,0,10.5240/F040-662A-915F-284A-18FC-T
105240/f01125f617b3d57e64492,1,1,1,0,10.5240/F011-25F6-17B3-D57E-6449-2
105240/efe8d9ccb5cb0d9c898f4,1,1,1,0,10.5240/EFE8-D9CC-B5CB-0D9C-898F-4
105240/ef8ac181551bb962dc37v,1,1,1,0,10.5240/EF8A-C181-551B-B962-DC37-V
105240/ef756e52d1d39430c329d,1,1,1,0,10.5240/EF75-6E52-D1D3-9430-C329-D
105240/ef3a9da560bb3a1c7f061,1,1,1,0,10.5240/EF3A-9DA5-60BB-3A1C-7F06-1
105240/ef119b27bf3a4a47172co,1,1,1,0,10.5240/EF11-9B27-BF3A-4A47-172C-O
105240/eefe61a7116380ed5c58h,1,1,1,0,10.5240/EEFE-61A7-1163-80ED-5C58-H
105240/eebf218595b9e2c807b6k,1,1,1,0,10.5240/EEBF-2185-95B9-E2C8-07B6-K
105240/ee981e42d447a8b5d1c9t,1,1,1,0,10.5240/EE98-1E42-D447-A8B5-D1C9-T
105240/ee6b8f5bdb25734c21a87,1,1,1,0,10.5240/EE6B-8F5B-DB25-734C-21A8-7
105240/ee513fc1b324920c88ddj,1,1,1,0,10.5240/EE51-3FC1-B324-920C-88DD-J
105240/edd7f49028ad477bc069y,1,1,1,0,10.5240/EDD7-F490-28AD-477B-C069-Y
105240/ed8792b74de4cd7ef8c1u,1,1,1,0,10.5240/ED87-92B7-4DE4-CD7E-F8C1-U
105240/ed55b96c8fed05c1daf8w,1,1,1,0,10.5240/ED55-B96C-8FED-05C1-DAF8-W
105240/ecdfc089a0c3fb0a044fb,1,1,1,0,10.5240/ECDF-C089-A0C3-FB0A-044F-B
105240/ecb39302264e9ea74dfee,1,1,1,0,10.5240/ECB3-9302-264E-9EA7-4DFE-E
105240/ec87ec703b94a5730dd5v,1,1,1,0,10.5240/EC87-EC70-3B94-A573-0DD5-V
105240/ec6cfb786270b7c3dab2l,1,1,1,0,10.5240/EC6C-FB78-6270-B7C3-DAB2-L
105240/ec1d36d0be84dce5ac730,1,1,1,0,10.5240/EC1D-36D0-BE84-DCE5-AC73-0
105240/ec1c93760f437f2201d94,1,1,1,0,10.5240/EC1C-9376-0F43-7F22-01D9-4
105240/ec0c7dad65748a950296v,1,1,1,0,10.5240/EC0C-7DAD-6574-8A95-0296-V
105240/ec0a262ce3baf2d0886d7,1,1,1,0,10.5240/EC0A-262C-E3BA-F2D0-886D-7
105240/ebcfdbac02a874c82cd98,1,1,1,0,10.5240/EBCF-DBAC-02A8-74C8-2CD9-8
105240/ebc12b7fe56d8f133e70w,1,1,1,0,10.5240/EBC1-2B7F-E56D-8F13-3E70-W
105240/ebaf1f09e9a2ea34f24bn,1,1,1,0,10.5240/EBAF-1F09-E9A2-EA34-F24B-N
105240/eb990bdb548857870c85i,1,1,1,0,10.5240/EB99-0BDB-5488-5787-0C85-I
105240/eaf1c59ba8ade0547b42i,1,1,1,0,10.5240/EAF1-C59B-A8AD-E054-7B42-I
105240/eaef7f470bb0b496c5871,1,1,1,0,10.5240/EAEF-7F47-0BB0-B496-C587-1
105240/eac64fc24637b514e927y,1,1,1,0,10.5240/EAC6-4FC2-4637-B514-E927-Y
105240/ea866558cf8fd8e7b6dam,1,1,1,0,10.5240/EA86-6558-CF8F-D8E7-B6DA-M
105240/e9f5e1c287ba1ccdc859l,1,1,1,0,10.5240/E9F5-E1C2-87BA-1CCD-C859-L
105240/e912a1dd669c649321324,1,1,1,0,10.5240/E912-A1DD-669C-6493-2132-4
105240/e8a6c2eb07665bbd8374k,1,1,1,0,10.5240/E8A6-C2EB-0766-5BBD-8374-K
105240/e882672ae05c3c1beba1p,1,1,1,0,10.5240/E882-672A-E05C-3C1B-EBA1-P
105240/e86e286f2100416f19fb2,1,1,1,0,10.5240/E86E-286F-2100-416F-19FB-2
105240/e848818c318ce42b658a3,1,1,1,0,10.5240/E848-818C-318C-E42B-658A-3
105240/e81fd19cdb3d475520fea,1,1,1,0,10.5240/E81F-D19C-DB3D-4755-20FE-A
105240/e7b7785c625641c55bc5u,1,1,1,0,10.5240/E7B7-785C-6256-41C5-5BC5-U
105240/e7952b0d965a5552a4242,1,1,1,0,10.5240/E795-2B0D-965A-5552-A424-2
105240/e792f1f8da0d8b7fdd21u,1,1,1,0,10.5240/E792-F1F8-DA0D-8B7F-DD21-U
105240/e747699c6c4cc44db5285,1,1,1,0,10.5240/E747-699C-6C4C-C44D-B528-5
105240/e71edd14cbec962a3fb04,1,1,1,0,10.5240/E71E-DD14-CBEC-962A-3FB0-4
105240/e71237112eba7698f355s,1,1,1,0,10.5240/E712-3711-2EBA-7698-F355-S
105240/e6cc7932b9bf6174f8e1x,1,1,1,0,10.5240/E6CC-7932-B9BF-6174-F8E1-X
105240/e68b9fcb442ad2731003n,1,1,1,0,10.5240/E68B-9FCB-442A-D273-1003-N
105240/e66050381d8a6e09c3025,1,1,1,0,10.5240/E660-5038-1D8A-6E09-C302-5
105240/e6441f3672248a391c9f4,1,1,1,0,10.5240/E644-1F36-7224-8A39-1C9F-4
105240/e630f2032c973af81fd3b,1,1,1,0,10.5240/E630-F203-2C97-3AF8-1FD3-B
105240/e5aa0a8a7654f56cf2624,1,1,1,0,10.5240/E5AA-0A8A-7654-F56C-F262-4
105240/e5a00e8f7d34c1a0e184g,1,1,1,0,10.5240/E5A0-0E8F-7D34-C1A0-E184-G
105240/e5896469c800a97f5c521,1,1,1,0,10.5240/E589-6469-C800-A97F-5C52-1
105240/e516af535dfa74da37687,1,1,1,0,10.5240/E516-AF53-5DFA-74DA-3768-7
105240/e4febad762f128b93604n,1,1,1,0,10.5240/E4FE-BAD7-62F1-28B9-3604-N
105240/e4e89aab3b543bfb26a7p,1,1,1,0,10.5240/E4E8-9AAB-3B54-3BFB-26A7-P
105240/e487723d538bfef29927c,1,1,1,0,10.5240/E487-723D-538B-FEF2-9927-C
105240/e47627d81be9bee53a4dq,1,1,1,0,10.5240/E476-27D8-1BE9-BEE5-3A4D-Q
105240/e453c12e2d2db5448ea04,1,1,1,0,10.5240/E453-C12E-2D2D-B544-8EA0-4
105240/e39b69b2c8945452bd2fu,1,1,1,0,10.5240/E39B-69B2-C894-5452-BD2F-U
105240/e35ec9b5dc007fc8819fy,1,1,1,0,10.5240/E35E-C9B5-DC00-7FC8-819F-Y
105240/e34c9f6fe3d01f553476f,1,1,1,0,10.5240/E34C-9F6F-E3D0-1F55-3476-F
105240/e2f5d120b3ab9c4658a6v,1,1,1,0,10.5240/E2F5-D120-B3AB-9C46-58A6-V
105240/e2f0b13c7fc10941b979p,1,1,1,0,10.5240/E2F0-B13C-7FC1-0941-B979-P
105240/e2d896adbdd4afe35ce5u,1,1,1,0,10.5240/E2D8-96AD-BDD4-AFE3-5CE5-U
105240/e28bfcdb6cb7ab699a6f6,1,1,1,0,10.5240/E28B-FCDB-6CB7-AB69-9A6F-6
105240/e1f307b922cc7e4126f8m,1,1,1,0,10.5240/E1F3-07B9-22CC-7E41-26F8-M
105240/e1d50e86a340f2b32a113,1,1,1,0,10.5240/E1D5-0E86-A340-F2B3-2A11-3
105240/e1828ed06f4ec28c5352c,1,1,1,0,10.5240/E182-8ED0-6F4E-C28C-5352-C
105240/e17b99236ada4f7c78078,1,1,1,0,10.5240/E17B-9923-6ADA-4F7C-7807-8
105240/e124eed617063fa35ce3d,1,1,1,0,10.5240/E124-EED6-1706-3FA3-5CE3-D
105240/e10e61a41e6ac45fdac4w,1,1,1,0,10.5240/E10E-61A4-1E6A-C45F-DAC4-W
105240/e0d30bee058286a97ad55,1,1,1,0,10.5240/E0D3-0BEE-0582-86A9-7AD5-5
105240/e0c9738c117a5469a612w,1,1,1,0,10.5240/E0C9-738C-117A-5469-A612-W
105240/e030107bc08abf93ac79b,1,1,1,0,10.5240/E030-107B-C08A-BF93-AC79-B
105240/dfe4ac639f03bb337d510,1,1,1,0,10.5240/DFE4-AC63-9F03-BB33-7D51-0
105240/dfd6f5bb19e6979156f3y,1,1,1,0,10.5240/DFD6-F5BB-19E6-9791-56F3-Y
105240/dfbee54f0410afe07e05z,1,1,1,0,10.5240/DFBE-E54F-0410-AFE0-7E05-Z
105240/dfa36b6c784c7d824fa5f,1,1,1,0,10.5240/DFA3-6B6C-784C-7D82-4FA5-F
105240/df864a3573e124c2d57f2,1,1,1,0,10.5240/DF86-4A35-73E1-24C2-D57F-2
105240/df535e31c03d759951a4m,1,1,1,0,10.5240/DF53-5E31-C03D-7599-51A4-M
105240/df4a8edf16c8e5c7deef9,1,1,1,0,10.5240/DF4A-8EDF-16C8-E5C7-DEEF-9
105240/ded025010717b4db74295,1,1,1,0,10.5240/DED0-2501-0717-B4DB-7429-5
105240/de698acec842fbf525d9n,1,1,1,0,10.5240/DE69-8ACE-C842-FBF5-25D9-N
105240/de68d81b186d3f0e7c81z,1,1,1,0,10.5240/DE68-D81B-186D-3F0E-7C81-Z
105240/de41003e988cebfa0584i,1,1,1,0,10.5240/DE41-003E-988C-EBFA-0584-I
105240/ddce93f4f3e172ab740bh,1,1,1,0,10.5240/DDCE-93F4-F3E1-72AB-740B-H
105240/ddc96741fb947c6eb00cc,1,1,1,0,10.5240/DDC9-6741-FB94-7C6E-B00C-C
105240/ddc18caa6c241e29f447b,1,1,1,0,10.5240/DDC1-8CAA-6C24-1E29-F447-B
105240/dd61b0779bf43b9e93b32,1,1,1,0,10.5240/DD61-B077-9BF4-3B9E-93B3-2
105240/dcb1db98004327c5f018x,1,1,1,0,10.5240/DCB1-DB98-0043-27C5-F018-X
105240/dcb002a694c64b7b24c4z,1,1,1,0,10.5240/DCB0-02A6-94C6-4B7B-24C4-Z
105240/dca17bb94939d8c460ff8,1,1,1,0,10.5240/DCA1-7BB9-4939-D8C4-60FF-8
105240/dc7bf2e3aca2c9fc636ay,1,1,1,0,10.5240/DC7B-F2E3-ACA2-C9FC-636A-Y
105240/dc75884cfef001fb34c5d,1,1,1,0,10.5240/DC75-884C-FEF0-01FB-34C5-D
105240/dc35339bebbaa73d2e2cf,1,1,1,0,10.5240/DC35-339B-EBBA-A73D-2E2C-F
105240/dc140edcf07f42ca1640l,1,1,1,0,10.5240/DC14-0EDC-F07F-42CA-1640-L
105240/dbb94e5b9112e55227c5o,1,1,1,0,10.5240/DBB9-4E5B-9112-E552-27C5-O
105240/dbb24537fa63b045d9a4a,1,1,1,0,10.5240/DBB2-4537-FA63-B045-D9A4-A
105240/db275590bd1173eabee3t,1,1,1,0,10.5240/DB27-5590-BD11-73EA-BEE3-T
105240/db13b4e317220d431173y,1,1,1,0,10.5240/DB13-B4E3-1722-0D43-1173-Y
105240/dadf0c94da0e776a4655l,1,1,1,0,10.5240/DADF-0C94-DA0E-776A-4655-L
105240/daa6bc79013bc9958c57m,1,1,1,0,10.5240/DAA6-BC79-013B-C995-8C57-M
105240/da86b217dc623d0b17038,1,1,1,0,10.5240/DA86-B217-DC62-3D0B-1703-8
105240/da81846c638b36edefe5f,1,1,1,0,10.5240/DA81-846C-638B-36ED-EFE5-F
105240/d998695066bb9b7cabb8i,1,1,1,0,10.5240/D998-6950-66BB-9B7C-ABB8-I
105240/d98ae7646ed732202ad8h,1,1,1,0,10.5240/D98A-E764-6ED7-3220-2AD8-H
105240/d985464f513c5b9a77edo,1,1,1,0,10.5240/D985-464F-513C-5B9A-77ED-O
105240/d96a9f3fc3cc87dda37fk,1,1,1,0,10.5240/D96A-9F3F-C3CC-87DD-A37F-K
105240/d942e6c30039e3ffd550a,1,1,1,0,10.5240/D942-E6C3-0039-E3FF-D550-A
105240/d927fead92eb517ab61c6,1,1,1,0,10.5240/D927-FEAD-92EB-517A-B61C-6
105240/d924b94c288cd570e64ei,1,1,1,0,10.5240/D924-B94C-288C-D570-E64E-I
105240/d900f5ec75f8c1696608x,1,1,1,0,10.5240/D900-F5EC-75F8-C169-6608-X
105240/d8d676ee8d606ad9d554q,1,1,1,0,10.5240/D8D6-76EE-8D60-6AD9-D554-Q
105240/d8be8e987c10a67ae673f,1,1,1,0,10.5240/D8BE-8E98-7C10-A67A-E673-F
105240/d807f437fe0b26fe8fadl,1,1,1,0,10.5240/D807-F437-FE0B-26FE-8FAD-L
105240/d80677f6f9e3ca198e4d8,1,1,1,0,10.5240/D806-77F6-F9E3-CA19-8E4D-8
105240/d77d6301d4b92a616b7cm,1,1,1,0,10.5240/D77D-6301-D4B9-2A61-6B7C-M
105240/d73436f444a46159eb993,1,1,1,0,10.5240/D734-36F4-44A4-6159-EB99-3
105240/d6faf25a04c15ad773c83,1,1,1,0,10.5240/D6FA-F25A-04C1-5AD7-73C8-3
105240/d6573c36e81ecdcb9b9bo,1,1,1,0,10.5240/D657-3C36-E81E-CDCB-9B9B-O
105240/d5e33de928988a60b71bq,1,1,1,0,10.5240/D5E3-3DE9-2898-8A60-B71B-Q
105240/d5c913425f6fdca0bc239,1,1,1,0,10.5240/D5C9-1342-5F6F-DCA0-BC23-9
105240/d5ba20e5f13442c7982bu,1,1,1,0,10.5240/D5BA-20E5-F134-42C7-982B-U
105240/d4aadaf47353b1ff42e69,1,1,1,0,10.5240/D4AA-DAF4-7353-B1FF-42E6-9
105240/d4817435ba9bf0015c0an,1,1,1,0,10.5240/D481-7435-BA9B-F001-5C0A-N
105240/d3bc69438b2d33ad70a1r,1,1,1,0,10.5240/D3BC-6943-8B2D-33AD-70A1-R
105240/d381ee4926e5f266595fp,1,1,1,0,10.5240/D381-EE49-26E5-F266-595F-P
105240/d340460877c24316c515a,1,1,1,0,10.5240/D340-4608-77C2-4316-C515-A
105240/d308b3fdceca9264ecd2k,1,1,1,0,10.5240/D308-B3FD-CECA-9264-ECD2-K
105240/d21ce63ccd1a5f9200cb5,1,1,1,0,10.5240/D21C-E63C-CD1A-5F92-00CB-5
105240/d1af732f53662d07e031u,1,1,1,0,10.5240/D1AF-732F-5366-2D07-E031-U
105240/d15a44c4e249b6f3fddc0,1,1,1,0,10.5240/D15A-44C4-E249-B6F3-FDDC-0
105240/d14e00845615a32e18566,1,1,1,0,10.5240/D14E-0084-5615-A32E-1856-6
105240/d1425ab2d1ec030b17e2a,1,1,1,0,10.5240/D142-5AB2-D1EC-030B-17E2-A
105240/d0f4f6b3fd5b7312a7516,1,1,1,0,10.5240/D0F4-F6B3-FD5B-7312-A751-6
105240/d071dc6e88ab6f904c9d4,1,1,1,0,10.5240/D071-DC6E-88AB-6F90-4C9D-4
105240/d03c5d76e6200bc9f2a7s,1,1,1,0,10.5240/D03C-5D76-E620-0BC9-F2A7-S
105240/d03a454c7a557fb1b4ea8,1,1,1,0,10.5240/D03A-454C-7A55-7FB1-B4EA-8
105240/cfffcac8e7a50c4d99301,1,1,1,0,10.5240/CFFF-CAC8-E7A5-0C4D-9930-1
105240/cfff096448d0ca0202c9u,1,1,1,0,10.5240/CFFF-0964-48D0-CA02-02C9-U
105240/cfc2b507ce22b3d4f32f2,1,1,1,0,10.5240/CFC2-B507-CE22-B3D4-F32F-2
105240/cfa466e69e976b262449x,1,1,1,0,10.5240/CFA4-66E6-9E97-6B26-2449-X
105240/cf531525f918ebf52706p,1,1,1,0,10.5240/CF53-1525-F918-EBF5-2706-P
105240/cf46e8cd0f916771b1a4n,1,1,1,0,10.5240/CF46-E8CD-0F91-6771-B1A4-N
105240/ce296de4a4d0b6654eb83,1,1,1,0,10.5240/CE29-6DE4-A4D0-B665-4EB8-3
105240/ce20cf77a2a2190f078em,1,1,1,0,10.5240/CE20-CF77-A2A2-190F-078E-M
105240/cdf602a7b764c12d21cd8,1,1,1,0,10.5240/CDF6-02A7-B764-C12D-21CD-8
105240/cdb38aa096216e76b9c0v,1,1,1,0,10.5240/CDB3-8AA0-9621-6E76-B9C0-V
105240/ccd675d504e6033861367,1,1,1,0,10.5240/CCD6-75D5-04E6-0338-6136-7
105240/ccc0301dc2cfa3c1764ef,1,1,1,0,10.5240/CCC0-301D-C2CF-A3C1-764E-F
105240/cca5397fe5d72a87b955w,1,1,1,0,10.5240/CCA5-397F-E5D7-2A87-B955-W
105240/cc9656157c222d952ca4t,1,1,1,0,10.5240/CC96-5615-7C22-2D95-2CA4-T
105240/cc93efbd236f39a5fa6bn,1,1,1,0,10.5240/CC93-EFBD-236F-39A5-FA6B-N
105240/cc1f6fcb72005550649br,1,1,1,0,10.5240/CC1F-6FCB-7200-5550-649B-R
105240/cbc0e4ec81f2b654a92ch,1,1,1,0,10.5240/CBC0-E4EC-81F2-B654-A92C-H
105240/cbad03f016272966053bg,1,1,1,0,10.5240/CBAD-03F0-1627-2966-053B-G
105240/cb7c3eca9bb048b494a1e,1,1,1,0,10.5240/CB7C-3ECA-9BB0-48B4-94A1-E
105240/cb2c3b6abf567637c8d70,1,1,1,0,10.5240/CB2C-3B6A-BF56-7637-C8D7-0
105240/cb0dd19774a1c8db9312j,1,1,1,0,10.5240/CB0D-D197-74A1-C8DB-9312-J
105240/caa262ba1e47fb04378bs,1,1,1,0,10.5240/CAA2-62BA-1E47-FB04-378B-S
105240/ca860b2fd4f6447f498fp,1,1,1,0,10.5240/CA86-0B2F-D4F6-447F-498F-P
105240/ca7df91043a3cddc07111,1,1,1,0,10.5240/CA7D-F910-43A3-CDDC-0711-1
105240/ca18e8faf71330d946340,1,1,1,0,10.5240/CA18-E8FA-F713-30D9-4634-0
105240/c9968991b623047c98eek,1,1,1,0,10.5240/C996-8991-B623-047C-98EE-K
105240/c974a90127c17a3f32cfv,1,1,1,0,10.5240/C974-A901-27C1-7A3F-32CF-V
105240/c939a5497c719093d5de4,1,1,1,0,10.5240/C939-A549-7C71-9093-D5DE-4
105240/c909ee5db5b5059b3a9b1,1,1,1,0,10.5240/C909-EE5D-B5B5-059B-3A9B-1
105240/c7cdd50fa920d5c34f02j,1,1,1,0,10.5240/C7CD-D50F-A920-D5C3-4F02-J
105240/c7a09136a55fda23f633u,1,1,1,0,10.5240/C7A0-9136-A55F-DA23-F633-U
105240/c78019bd7218be55cae6e,1,1,1,0,10.5240/C780-19BD-7218-BE55-CAE6-E
105240/c772ea42f59784909f69q,1,1,1,0,10.5240/C772-EA42-F597-8490-9F69-Q
105240/c73a9cf9ee370ea8a6ddp,1,1,1,0,10.5240/C73A-9CF9-EE37-0EA8-A6DD-P
105240/c7331656f5e277e15738k,1,1,1,0,10.5240/C733-1656-F5E2-77E1-5738-K
105240/c72fe9166b902f5f5c55g,1,1,1,0,10.5240/C72F-E916-6B90-2F5F-5C55-G
105240/c722260b84503b3d57f77,1,1,1,0,10.5240/C722-260B-8450-3B3D-57F7-7
105240/c6fef4a27af921daa164j,1,1,1,0,10.5240/C6FE-F4A2-7AF9-21DA-A164-J
105240/c6aa3189ba23485d5928x,1,1,1,0,10.5240/C6AA-3189-BA23-485D-5928-X
105240/c68d15821057f2522edbq,1,1,1,0,10.5240/C68D-1582-1057-F252-2EDB-Q
105240/c668cd01c1d854e2d6b6y,1,1,1,0,10.5240/C668-CD01-C1D8-54E2-D6B6-Y
105240/c65362f7551b0a167849t,1,1,1,0,10.5240/C653-62F7-551B-0A16-7849-T
105240/c607c1a503a1e484d142k,1,1,1,0,10.5240/C607-C1A5-03A1-E484-D142-K
105240/c5d89573169ff05324fca,1,1,1,0,10.5240/C5D8-9573-169F-F053-24FC-A
105240/c579e81ffe876ff036386,1,1,1,0,10.5240/C579-E81F-FE87-6FF0-3638-6
105240/c5423f4848fe2199a5f0b,1,1,1,0,10.5240/C542-3F48-48FE-2199-A5F0-B
105240/c4f3817e619ca61dc43b9,1,1,1,0,10.5240/C4F3-817E-619C-A61D-C43B-9
105240/c4eded8ee217f82c7887f,1,1,1,0,10.5240/C4ED-ED8E-E217-F82C-7887-F
105240/c4d6a77fc40977b42c199,1,1,1,0,10.5240/C4D6-A77F-C409-77B4-2C19-9
105240/c47752700276ae4a9939b,1,1,1,0,10.5240/C477-5270-0276-AE4A-9939-B
105240/c45a6f77b6b5e702ccdcw,1,1,1,0,10.5240/C45A-6F77-B6B5-E702-CCDC-W
105240/c42a614910580c693830m,1,1,1,0,10.5240/C42A-6149-1058-0C69-3830-M
105240/c41f446e9d46b4865b04d,1,1,1,0,10.5240/C41F-446E-9D46-B486-5B04-D
105240/c362bf5601b0bc0c2bbfm,1,1,1,0,10.5240/C362-BF56-01B0-BC0C-2BBF-M
105240/c34e8354b09b77dc5c38r,1,1,1,0,10.5240/C34E-8354-B09B-77DC-5C38-R
105240/c2fdefc6a765ca813a53m,1,1,1,0,10.5240/C2FD-EFC6-A765-CA81-3A53-M
105240/c2fbe3fb56da3ab8790a2,1,1,1,0,10.5240/C2FB-E3FB-56DA-3AB8-790A-2
105240/c264ec88afa12ec29b28z,1,1,1,0,10.5240/C264-EC88-AFA1-2EC2-9B28-Z
105240/c26060f2e7d7c89b71ab2,1,1,1,0,10.5240/C260-60F2-E7D7-C89B-71AB-2
105240/c23b951ce12c23e121ab1,1,1,1,0,10.5240/C23B-951C-E12C-23E1-21AB-1
105240/c2327b28d4e68f0a3257n,1,1,1,0,10.5240/C232-7B28-D4E6-8F0A-3257-N
105240/c213096d8a4749aba1aaz,1,1,1,0,10.5240/C213-096D-8A47-49AB-A1AA-Z
105240/c1d606e9d14d91acc7817,1,1,1,0,10.5240/C1D6-06E9-D14D-91AC-C781-7
105240/c1abe78f3f6238d23b57i,1,1,1,0,10.5240/C1AB-E78F-3F62-38D2-3B57-I
105240/c1a47bc44b3dc383f702a,1,1,1,0,10.5240/C1A4-7BC4-4B3D-C383-F702-A
105240/c19b2f88db6be1f88539z,1,1,1,0,10.5240/C19B-2F88-DB6B-E1F8-8539-Z
105240/c0ff8e6e0141361fb3702,1,1,1,0,10.5240/C0FF-8E6E-0141-361F-B370-2
105240/c0cb9459f26109abfa65h,1,1,1,0,10.5240/C0CB-9459-F261-09AB-FA65-H
105240/c0be49b6c52761fa3feek,1,1,1,0,10.5240/C0BE-49B6-C527-61FA-3FEE-K
105240/c0ba32790de966f6bba4o,1,1,1,0,10.5240/C0BA-3279-0DE9-66F6-BBA4-O
105240/c0ae57dd6513228c9329e,1,1,1,0,10.5240/C0AE-57DD-6513-228C-9329-E
105240/c095220f2097353a5378e,1,1,1,0,10.5240/C095-220F-2097-353A-5378-E
105240/bffff97bc8486feeeda7u,1,1,1,0,10.5240/BFFF-F97B-C848-6FEE-EDA7-U
105240/bff70a349d15f576e999c,1,1,1,0,10.5240/BFF7-0A34-9D15-F576-E999-C
105240/bfebcde24ace358d5f04j,1,1,1,0,10.5240/BFEB-CDE2-4ACE-358D-5F04-J
105240/bfb83e5f8abfa5f62cd99,1,1,1,0,10.5240/BFB8-3E5F-8ABF-A5F6-2CD9-9
105240/bfa52cb8e72710a98d940,1,1,1,0,10.5240/BFA5-2CB8-E727-10A9-8D94-0
105240/bf132205d70908e3adeax,1,1,1,0,10.5240/BF13-2205-D709-08E3-ADEA-X
105240/beb7c8f3037a80180afci,1,1,1,0,10.5240/BEB7-C8F3-037A-8018-0AFC-I
105240/bea766730f08c68f01dcu,1,1,1,0,10.5240/BEA7-6673-0F08-C68F-01DC-U
105240/be644397550f2729c65eh,1,1,1,0,10.5240/BE64-4397-550F-2729-C65E-H
105240/be58a770b88f905bf699l,1,1,1,0,10.5240/BE58-A770-B88F-905B-F699-L
105240/bdd651cf08e3341cc8ed7,1,1,1,0,10.5240/BDD6-51CF-08E3-341C-C8ED-7
105240/bd900e33cd1058ed3f146,1,1,1,0,10.5240/BD90-0E33-CD10-58ED-3F14-6
105240/bd1e9f24e4113f8f6d171,1,1,1,0,10.5240/BD1E-9F24-E411-3F8F-6D17-1
105240/bcf1fb60df97ec2cce775,1,1,1,0,10.5240/BCF1-FB60-DF97-EC2C-CE77-5
105240/bcef97343752dbd48c65b,1,1,1,0,10.5240/BCEF-9734-3752-DBD4-8C65-B
105240/bb8a5ba024df9a688496r,1,1,1,0,10.5240/BB8A-5BA0-24DF-9A68-8496-R
105240/bb6c76154c339f88b0ac2,1,1,1,0,10.5240/BB6C-7615-4C33-9F88-B0AC-2
105240/bb1209c65fb87ee673d4g,1,1,1,0,10.5240/BB12-09C6-5FB8-7EE6-73D4-G
105240/babd961b42500e589f8ar,1,1,1,0,10.5240/BABD-961B-4250-0E58-9F8A-R
105240/baa75e26f9313a64d8982,1,1,1,0,10.5240/BAA7-5E26-F931-3A64-D898-2
105240/ba8adc24eb988eceb051e,1,1,1,0,10.5240/BA8A-DC24-EB98-8ECE-B051-E
105240/ba070878f969c8bf5e3a8,1,1,1,0,10.5240/BA07-0878-F969-C8BF-5E3A-8
105240/b9538c997f10e827d284l,1,1,1,0,10.5240/B953-8C99-7F10-E827-D284-L
105240/b90a58facd25ce44c71bl,1,1,1,0,10.5240/B90A-58FA-CD25-CE44-C71B-L
105240/b8e5cda0a30bf87d9de8a,1,1,1,0,10.5240/B8E5-CDA0-A30B-F87D-9DE8-A
105240/b88de9252c19fde25226b,1,1,1,0,10.5240/B88D-E925-2C19-FDE2-5226-B
105240/b8846da7bfd628f4c749z,1,1,1,0,10.5240/B884-6DA7-BFD6-28F4-C749-Z
105240/b7bc5888848db2ae715e0,1,1,1,0,10.5240/B7BC-5888-848D-B2AE-715E-0
105240/b7b659658e723ab42554s,1,1,1,0,10.5240/B7B6-5965-8E72-3AB4-2554-S
105240/b7a5c8ba1af2e8fd384ed,1,1,1,0,10.5240/B7A5-C8BA-1AF2-E8FD-384E-D
105240/b784ae595c5890b3e0abp,1,1,1,0,10.5240/B784-AE59-5C58-90B3-E0AB-P
105240/b701821d2c2fac33790fp,1,1,1,0,10.5240/B701-821D-2C2F-AC33-790F-P
105240/b6d8a2fd04e40fd09339z,1,1,1,0,10.5240/B6D8-A2FD-04E4-0FD0-9339-Z
105240/b67a9b8dc553e822e745r,1,1,1,0,10.5240/B67A-9B8D-C553-E822-E745-R
105240/b657487356176ffc8a20b,1,1,1,0,10.5240/B657-4873-5617-6FFC-8A20-B
105240/b636c759e8dc667a0f48z,1,1,1,0,10.5240/B636-C759-E8DC-667A-0F48-Z
105240/b5d2f2a10395af93a460h,1,1,1,0,10.5240/B5D2-F2A1-0395-AF93-A460-H
105240/b42d85ac10bd5c7e98ad0,1,1,1,0,10.5240/B42D-85AC-10BD-5C7E-98AD-0
105240/b4239d1f5978ea863c42a,1,1,1,0,10.5240/B423-9D1F-5978-EA86-3C42-A
105240/b417c36865693ebb29c0z,1,1,1,0,10.5240/B417-C368-6569-3EBB-29C0-Z
105240/b3fe640c6c467eef8ec3j,1,1,1,0,10.5240/B3FE-640C-6C46-7EEF-8EC3-J
105240/b3e3ef49043226e1d310j,1,1,1,0,10.5240/B3E3-EF49-0432-26E1-D310-J
105240/b3320198dd7f5ac13547e,1,1,1,0,10.5240/B332-0198-DD7F-5AC1-3547-E
105240/b2fe196c7f943df1f062l,1,1,1,0,10.5240/B2FE-196C-7F94-3DF1-F062-L
105240/b2c56e36cdd3b6290138u,1,1,1,0,10.5240/B2C5-6E36-CDD3-B629-0138-U
105240/b2269dbcff32b7467ab5f,1,1,1,0,10.5240/B226-9DBC-FF32-B746-7AB5-F
105240/b1f3e2a5f456336150b8z,1,1,1,0,10.5240/B1F3-E2A5-F456-3361-50B8-Z
105240/b1e8a7be5c93956938e3v,1,1,1,0,10.5240/B1E8-A7BE-5C93-9569-38E3-V
105240/b1b70d2aa7867867333ce,1,1,1,0,10.5240/B1B7-0D2A-A786-7867-333C-E
105240/b1a9166596850c9788c9b,1,1,1,0,10.5240/B1A9-1665-9685-0C97-88C9-B
105240/b0bf7eae40b381b3c140d,1,1,1,0,10.5240/B0BF-7EAE-40B3-81B3-C140-D
105240/b0afc0cf5d03729f4707v,1,1,1,0,10.5240/B0AF-C0CF-5D03-729F-4707-V
105240/b0afbe16d83f003314b9u,1,1,1,0,10.5240/B0AF-BE16-D83F-0033-14B9-U
105240/b0877354eda51406ec2ez,1,1,1,0,10.5240/B087-7354-EDA5-1406-EC2E-Z
105240/b07f77968d55750dab673,1,1,1,0,10.5240/B07F-7796-8D55-750D-AB67-3
105240/b04ff9030e9c6d93173ei,1,1,1,0,10.5240/B04F-F903-0E9C-6D93-173E-I
105240/b032f9d19ac75fe6cddfk,1,1,1,0,10.5240/B032-F9D1-9AC7-5FE6-CDDF-K
105240/b032798cac22cfa38ffd4,1,1,1,0,10.5240/B032-798C-AC22-CFA3-8FFD-4
105240/b02890903df1c35992228,1,1,1,0,10.5240/B028-9090-3DF1-C359-9222-8
105240/b00698cf2b4c873af737g,1,1,1,0,10.5240/B006-98CF-2B4C-873A-F737-G
105240/afe67ccf84475e8e155ak,1,1,1,0,10.5240/AFE6-7CCF-8447-5E8E-155A-K
105240/afa421d9c411dafeabfcu,1,1,1,0,10.5240/AFA4-21D9-C411-DAFE-ABFC-U
105240/af688135e9de89bb1dbbg,1,1,1,0,10.5240/AF68-8135-E9DE-89BB-1DBB-G
105240/af5e0c87992cd0d69f21x,1,1,1,0,10.5240/AF5E-0C87-992C-D0D6-9F21-X
105240/af4fc829bbf9693c96a39,1,1,1,0,10.5240/AF4F-C829-BBF9-693C-96A3-9
105240/ae69c67cf0f270524c328,1,1,1,0,10.5240/AE69-C67C-F0F2-7052-4C32-8
105240/ae1e1326635929897caer,1,1,1,0,10.5240/AE1E-1326-6359-2989-7CAE-R
105240/ae0d9935c36236679fc3t,1,1,1,0,10.5240/AE0D-9935-C362-3667-9FC3-T
105240/adcc5b008d87af30f182q,1,1,1,0,10.5240/ADCC-5B00-8D87-AF30-F182-Q
105240/ad6399504242c9a427e9j,1,1,1,0,10.5240/AD63-9950-4242-C9A4-27E9-J
105240/ad44fa064e27cfc4f9fe2,1,1,1,0,10.5240/AD44-FA06-4E27-CFC4-F9FE-2
105240/acf0df248bc44ecbfe0bt,1,1,1,0,10.5240/ACF0-DF24-8BC4-4ECB-FE0B-T
105240/acefe774b625e078f097l,1,1,1,0,10.5240/ACEF-E774-B625-E078-F097-L
105240/ac75f2955278032a2df3g,1,1,1,0,10.5240/AC75-F295-5278-032A-2DF3-G
105240/ac6fba3304c76d327bb1h,1,1,1,0,10.5240/AC6F-BA33-04C7-6D32-7BB1-H
105240/ac3791cad4e47d0ae90a1,1,1,1,0,10.5240/AC37-91CA-D4E4-7D0A-E90A-1
105240/abacfcb252bbc600627c5,1,1,1,0,10.5240/ABAC-FCB2-52BB-C600-627C-5
105240/aba3267f8213bc6b6e68f,1,1,1,0,10.5240/ABA3-267F-8213-BC6B-6E68-F
105240/aaf34386db2d21846f49q,1,1,1,0,10.5240/AAF3-4386-DB2D-2184-6F49-Q
105240/aacd9ec3337721e4b225o,1,1,1,0,10.5240/AACD-9EC3-3377-21E4-B225-O
105240/aacd1eabf9b3c73ac070d,1,1,1,0,10.5240/AACD-1EAB-F9B3-C73A-C070-D
105240/aa6cd20569be768c8b80k,1,1,1,0,10.5240/AA6C-D205-69BE-768C-8B80-K
105240/aa51e615f85630490c656,1,1,1,0,10.5240/AA51-E615-F856-3049-0C65-6
105240/aa2b70730136b29a7d91k,1,1,1,0,10.5240/AA2B-7073-0136-B29A-7D91-K
105240/a9dc13b1d1473f283ca72,1,1,1,0,10.5240/A9DC-13B1-D147-3F28-3CA7-2
105240/a94a61ff1554cbb4f54bk,1,1,1,0,10.5240/A94A-61FF-1554-CBB4-F54B-K
105240/a91551be0a4d5ec53ae31,1,1,1,0,10.5240/A915-51BE-0A4D-5EC5-3AE3-1
105240/a8fddac1c2f9f59f5b43c,1,1,1,0,10.5240/A8FD-DAC1-C2F9-F59F-5B43-C
105240/a8e80cd7f5a68c8cb351s,1,1,1,0,10.5240/A8E8-0CD7-F5A6-8C8C-B351-S
105240/a863ab65c3d3aa9442fav,1,1,1,0,10.5240/A863-AB65-C3D3-AA94-42FA-V
105240/a81b0df8527aec072fc6j,1,1,1,0,10.5240/A81B-0DF8-527A-EC07-2FC6-J
105240/a7c253a4eb4fb6491460y,1,1,1,0,10.5240/A7C2-53A4-EB4F-B649-1460-Y
105240/a76f52fb4677a4d7c548w,1,1,1,0,10.5240/A76F-52FB-4677-A4D7-C548-W
105240/a764e54bcfc4032b6a5c7,1,1,1,0,10.5240/A764-E54B-CFC4-032B-6A5C-7
105240/a756092e4385685237a5t,1,1,1,0,10.5240/A756-092E-4385-6852-37A5-T
105240/a729d9130cb3ad6333e4b,1,1,1,0,10.5240/A729-D913-0CB3-AD63-33E4-B
105240/a71bb0d9230f31ef1846x,1,1,1,0,10.5240/A71B-B0D9-230F-31EF-1846-X
105240/a6b4ee1da7ec6a303688n,1,1,1,0,10.5240/A6B4-EE1D-A7EC-6A30-3688-N
105240/a60fcf2821d1f556b9637,1,1,1,0,10.5240/A60F-CF28-21D1-F556-B963-7
105240/a5e8866f2452b7a11a159,1,1,1,0,10.5240/A5E8-866F-2452-B7A1-1A15-9
105240/a5b22af62ab1ca86b91c8,1,1,1,0,10.5240/A5B2-2AF6-2AB1-CA86-B91C-8
105240/a45c61ed7c62396337bcd,1,1,1,0,10.5240/A45C-61ED-7C62-3963-37BC-D
105240/a43da2beadaa5075f9710,1,1,1,0,10.5240/A43D-A2BE-ADAA-5075-F971-0
105240/a421b3b0214bea20b295k,1,1,1,0,10.5240/A421-B3B0-214B-EA20-B295-K
105240/a3eb274e16d0227058d35,1,1,1,0,10.5240/A3EB-274E-16D0-2270-58D3-5
105240/a36144defe9ee1990dce9,1,1,1,0,10.5240/A361-44DE-FE9E-E199-0DCE-9
105240/a34468ffc5fed353536c8,1,1,1,0,10.5240/A344-68FF-C5FE-D353-536C-8
105240/a31cd4b70541bd4a43cco,1,1,1,0,10.5240/A31C-D4B7-0541-BD4A-43CC-O
105240/a2fb25263e970f50c513r,1,1,1,0,10.5240/A2FB-2526-3E97-0F50-C513-R
105240/a1dd926f3a673dde01fb8,1,1,1,0,10.5240/A1DD-926F-3A67-3DDE-01FB-8
105240/a1b34aee965689c51f6fn,1,1,1,0,10.5240/A1B3-4AEE-9656-89C5-1F6F-N
105240/a18fdb78cf46c04e9212f,1,1,1,0,10.5240/A18F-DB78-CF46-C04E-9212-F
105240/a1628bbc633674337ab1c,1,1,1,0,10.5240/A162-8BBC-6336-7433-7AB1-C
105240/a13c2242344b0ca0a0f3c,1,1,1,0,10.5240/A13C-2242-344B-0CA0-A0F3-C
105240/a11571e5f81b5799e25ai,1,1,1,0,10.5240/A115-71E5-F81B-5799-E25A-I
105240/a0fa3f8f4003fac95dbdi,1,1,1,0,10.5240/A0FA-3F8F-4003-FAC9-5DBD-I
105240/a0ed0fe1b85db1f1c22ac,1,1,1,0,10.5240/A0ED-0FE1-B85D-B1F1-C22A-C
105240/a0c6378b4170af7ce612t,1,1,1,0,10.5240/A0C6-378B-4170-AF7C-E612-T
105240/a0a7aebb0f2142bd771cz,1,1,1,0,10.5240/A0A7-AEBB-0F21-42BD-771C-Z
105240/9fc860c85d48b356eec2b,1,1,1,0,10.5240/9FC8-60C8-5D48-B356-EEC2-B
105240/9fa1e6d32d1b8e80b52a3,1,1,1,0,10.5240/9FA1-E6D3-2D1B-8E80-B52A-3
105240/9fa010fbda0a2b8246dc4,1,1,1,0,10.5240/9FA0-10FB-DA0A-2B82-46DC-4
105240/9f8711781f7a7e867abds,1,1,1,0,10.5240/9F87-1178-1F7A-7E86-7ABD-S
105240/9f8500bd232b531575a12,1,1,1,0,10.5240/9F85-00BD-232B-5315-75A1-2
105240/9f8020a8a02491669cc3m,1,1,1,0,10.5240/9F80-20A8-A024-9166-9CC3-M
105240/9f3ba730a3233c35af3c1,1,1,1,0,10.5240/9F3B-A730-A323-3C35-AF3C-1
105240/9efbfad3d04a3a629ab5e,1,1,1,0,10.5240/9EFB-FAD3-D04A-3A62-9AB5-E
105240/9ed3cdb06a670280bb0d2,1,1,1,0,10.5240/9ED3-CDB0-6A67-0280-BB0D-2
105240/9eb5711d7419cea8e7161,1,1,1,0,10.5240/9EB5-711D-7419-CEA8-E716-1
105240/9e4e3909c6a2d8d94c33r,1,1,1,0,10.5240/9E4E-3909-C6A2-D8D9-4C33-R
105240/9e1d54bfba50776ace849,1,1,1,0,10.5240/9E1D-54BF-BA50-776A-CE84-9
105240/9da2016f93c19be4d5c54,1,1,1,0,10.5240/9DA2-016F-93C1-9BE4-D5C5-4
105240/9d50c845c7db97191b868,1,1,1,0,10.5240/9D50-C845-C7DB-9719-1B86-8
105240/9d14b0357a5b9144b188z,1,1,1,0,10.5240/9D14-B035-7A5B-9144-B188-Z
105240/9c84d1af66b5f4c0b5d9o,1,1,1,0,10.5240/9C84-D1AF-66B5-F4C0-B5D9-O
105240/9c6a2ebd42be37a32dbe7,1,1,1,0,10.5240/9C6A-2EBD-42BE-37A3-2DBE-7
105240/9c52422a45a5065bb7a2l,1,1,1,0,10.5240/9C52-422A-45A5-065B-B7A2-L
105240/9c1c71c94b96ae788168c,1,1,1,0,10.5240/9C1C-71C9-4B96-AE78-8168-C
105240/9b9b8586f25505ba0835r,1,1,1,0,10.5240/9B9B-8586-F255-05BA-0835-R
105240/9b7c66d27d085e572d0e8,1,1,1,0,10.5240/9B7C-66D2-7D08-5E57-2D0E-8
105240/9b184c33aaf1738c22b0t,1,1,1,0,10.5240/9B18-4C33-AAF1-738C-22B0-T
105240/9b11b26e7ec5130666f9u,1,1,1,0,10.5240/9B11-B26E-7EC5-1306-66F9-U
105240/9aefd367c3c0a8517d027,1,1,1,0,10.5240/9AEF-D367-C3C0-A851-7D02-7
105240/99c9b9a4e213c01f5a13c,1,1,1,0,10.5240/99C9-B9A4-E213-C01F-5A13-C
105240/9935b6e268f34dc46deef,1,1,1,0,10.5240/9935-B6E2-68F3-4DC4-6DEE-F
105240/991fa1626cb6414e751cs,1,1,1,0,10.5240/991F-A162-6CB6-414E-751C-S
105240/98f929eaca67ada9d987r,1,1,1,0,10.5240/98F9-29EA-CA67-ADA9-D987-R
105240/98aacc5b6b8d60ed61686,1,1,1,0,10.5240/98AA-CC5B-6B8D-60ED-6168-6
105240/985c04116da135f24cc9q,1,1,1,0,10.5240/985C-0411-6DA1-35F2-4CC9-Q
105240/97e40e1134cf37c3a0c0i,1,1,1,0,10.5240/97E4-0E11-34CF-37C3-A0C0-I
105240/977de4e9b5ab6f10c84bp,1,1,1,0,10.5240/977D-E4E9-B5AB-6F10-C84B-P
105240/9726c2c298e10393b3c9a,1,1,1,0,10.5240/9726-C2C2-98E1-0393-B3C9-A
105240/9719ab0c8a3113d56f3au,1,1,1,0,10.5240/9719-AB0C-8A31-13D5-6F3A-U
105240/96cc7a61fc399d835f7bv,1,1,1,0,10.5240/96CC-7A61-FC39-9D83-5F7B-V
105240/95c227615a93422bc05ed,1,1,1,0,10.5240/95C2-2761-5A93-422B-C05E-D
105240/954c6ff6610a6f24025fc,1,1,1,0,10.5240/954C-6FF6-610A-6F24-025F-C
105240/95387304713c71f95f21a,1,1,1,0,10.5240/9538-7304-713C-71F9-5F21-A
105240/951a402bc77612600ca1p,1,1,1,0,10.5240/951A-402B-C776-1260-0CA1-P
105240/94e50854d7f7ec5cc9ddj,1,1,1,0,10.5240/94E5-0854-D7F7-EC5C-C9DD-J
105240/9477ed378b6e9263c719j,1,1,1,0,10.5240/9477-ED37-8B6E-9263-C719-J
105240/94755be098b458f1e373y,1,1,1,0,10.5240/9475-5BE0-98B4-58F1-E373-Y
105240/94620e0a431854d554d9d,1,1,1,0,10.5240/9462-0E0A-4318-54D5-54D9-D
105240/9459c20380d244a70972t,1,1,1,0,10.5240/9459-C203-80D2-44A7-0972-T
105240/9408f76743067699f52fz,1,1,1,0,10.5240/9408-F767-4306-7699-F52F-Z
105240/93c34390ea0d4add0db1l,1,1,1,0,10.5240/93C3-4390-EA0D-4ADD-0DB1-L
105240/93685399ad7406cb0e117,1,1,1,0,10.5240/9368-5399-AD74-06CB-0E11-7
105240/9330563eeb6ad734adb8g,1,1,1,0,10.5240/9330-563E-EB6A-D734-ADB8-G
105240/9301d9304841b3570c1d6,1,1,1,0,10.5240/9301-D930-4841-B357-0C1D-6
105240/92e12a67a65ca13bc41ex,1,1,1,0,10.5240/92E1-2A67-A65C-A13B-C41E-X
105240/92dba80ca60d2b573769p,1,1,1,0,10.5240/92DB-A80C-A60D-2B57-3769-P
105240/9288d85143e6fe7c0562y,1,1,1,0,10.5240/9288-D851-43E6-FE7C-0562-Y
105240/91ae9b024312b2c97707a,1,1,1,0,10.5240/91AE-9B02-4312-B2C9-7707-A
105240/90ff947a155fe53254dfk,1,1,1,0,10.5240/90FF-947A-155F-E532-54DF-K
105240/900f125a0fe3dc60db604,1,1,1,0,10.5240/900F-125A-0FE3-DC60-DB60-4
105240/9000fae3674d6a938665k,1,1,1,0,10.5240/9000-FAE3-674D-6A93-8665-K
105240/8fc5d22308315575e01cc,1,1,1,0,10.5240/8FC5-D223-0831-5575-E01C-C
105240/8fc3fb3131510669cc3cv,1,1,1,0,10.5240/8FC3-FB31-3151-0669-CC3C-V
105240/8f90e222df048c269368x,1,1,1,0,10.5240/8F90-E222-DF04-8C26-9368-X
105240/8f4e00de0b98bd81edf9h,1,1,1,0,10.5240/8F4E-00DE-0B98-BD81-EDF9-H
105240/8ed14b2343d96ebd1e1ek,1,1,1,0,10.5240/8ED1-4B23-43D9-6EBD-1E1E-K
105240/8e52d73787f141c982f6t,1,1,1,0,10.5240/8E52-D737-87F1-41C9-82F6-T
105240/8e3ecf4ae2de0c6b50c7l,1,1,1,0,10.5240/8E3E-CF4A-E2DE-0C6B-50C7-L
105240/8e028443ca2fc2e23667f,1,1,1,0,10.5240/8E02-8443-CA2F-C2E2-3667-F
105240/8df0a6519e07deb8f01cz,1,1,1,0,10.5240/8DF0-A651-9E07-DEB8-F01C-Z
105240/8dc3e9a180525d04eaa1q,1,1,1,0,10.5240/8DC3-E9A1-8052-5D04-EAA1-Q
105240/8db0ce824abe7c95b505f,1,1,1,0,10.5240/8DB0-CE82-4ABE-7C95-B505-F
105240/8ce7bf05be4e53f0add4y,1,1,1,0,10.5240/8CE7-BF05-BE4E-53F0-ADD4-Y
105240/8cab5468b4223cf9d13bd,1,1,1,0,10.5240/8CAB-5468-B422-3CF9-D13B-D
105240/8ca9fec00b7968efc9fe5,1,1,1,0,10.5240/8CA9-FEC0-0B79-68EF-C9FE-5
105240/8ca67287a2489fc43fddu,1,1,1,0,10.5240/8CA6-7287-A248-9FC4-3FDD-U
105240/8c7385786096a1bc9dbd2,1,1,1,0,10.5240/8C73-8578-6096-A1BC-9DBD-2
105240/8c6283ee4d0733b04a8eu,1,1,1,0,10.5240/8C62-83EE-4D07-33B0-4A8E-U
105240/8c5910f92aea0640bb94l,1,1,1,0,10.5240/8C59-10F9-2AEA-0640-BB94-L
105240/8bd569c6aa602b9a92b83,1,1,1,0,10.5240/8BD5-69C6-AA60-2B9A-92B8-3
105240/8b7f64e6393047809172x,1,1,1,0,10.5240/8B7F-64E6-3930-4780-9172-X
105240/8b6e87bd212ad1e027c49,1,1,1,0,10.5240/8B6E-87BD-212A-D1E0-27C4-9
105240/8b2cd06bde858e2a9120c,1,1,1,0,10.5240/8B2C-D06B-DE85-8E2A-9120-C
105240/8a48fbddee96b069c4e9h,1,1,1,0,10.5240/8A48-FBDD-EE96-B069-C4E9-H
105240/89ff7926dc6cf64c58d8t,1,1,1,0,10.5240/89FF-7926-DC6C-F64C-58D8-T
105240/89bd4c5b8b7f2184949bk,1,1,1,0,10.5240/89BD-4C5B-8B7F-2184-949B-K
105240/89a0e9b75fdf9b98cc36c,1,1,1,0,10.5240/89A0-E9B7-5FDF-9B98-CC36-C
105240/899a119c901655b4c7261,1,1,1,0,10.5240/899A-119C-9016-55B4-C726-1
105240/892de75db7d243a994e4m,1,1,1,0,10.5240/892D-E75D-B7D2-43A9-94E4-M
105240/892603343927910ea780u,1,1,1,0,10.5240/8926-0334-3927-910E-A780-U
105240/88e5ed4ca52dda8fea86w,1,1,1,0,10.5240/88E5-ED4C-A52D-DA8F-EA86-W
105240/88c2cfb94075aaeca3e29,1,1,1,0,10.5240/88C2-CFB9-4075-AAEC-A3E2-9
105240/88715344a26f9743f3e8c,1,1,1,0,10.5240/8871-5344-A26F-9743-F3E8-C
105240/8805d5b934351b99e538l,1,1,1,0,10.5240/8805-D5B9-3435-1B99-E538-L
105240/87c7090ddd602f3b14dfh,1,1,1,0,10.5240/87C7-090D-DD60-2F3B-14DF-H
105240/87a399e9a9a1b7c4e678v,1,1,1,0,10.5240/87A3-99E9-A9A1-B7C4-E678-V
105240/87a385c13c47563761ca8,1,1,1,0,10.5240/87A3-85C1-3C47-5637-61CA-8
105240/867e70ec9e86a5a329529,1,1,1,0,10.5240/867E-70EC-9E86-A5A3-2952-9
105240/861bbf0fd1303e0f8eb0y,1,1,1,0,10.5240/861B-BF0F-D130-3E0F-8EB0-Y
105240/85f240ebb7518d2d23117,1,1,1,0,10.5240/85F2-40EB-B751-8D2D-2311-7
105240/85b397ff784d7a69e6083,1,1,1,0,10.5240/85B3-97FF-784D-7A69-E608-3
105240/8561f4c5a2a7628716f1k,1,1,1,0,10.5240/8561-F4C5-A2A7-6287-16F1-K
105240/855f579f306c5890eb04n,1,1,1,0,10.5240/855F-579F-306C-5890-EB04-N
105240/85087147c5c911ef209fx,1,1,1,0,10.5240/8508-7147-C5C9-11EF-209F-X
105240/84d56497782114ef3f944,1,1,1,0,10.5240/84D5-6497-7821-14EF-3F94-4
105240/84713736882bbc7e107f8,1,1,1,0,10.5240/8471-3736-882B-BC7E-107F-8
105240/845c8d839aa31bedc18bh,1,1,1,0,10.5240/845C-8D83-9AA3-1BED-C18B-H
105240/844afda27aadf4a0d851i,1,1,1,0,10.5240/844A-FDA2-7AAD-F4A0-D851-I
105240/843ec2387f61ddfcf4279,1,1,1,0,10.5240/843E-C238-7F61-DDFC-F427-9
105240/84352561eb93b63ea7530,1,1,1,0,10.5240/8435-2561-EB93-B63E-A753-0
105240/83acd874f501787f3b9eo,1,1,1,0,10.5240/83AC-D874-F501-787F-3B9E-O
105240/837bbd5ac11854b4a77do,1,1,1,0,10.5240/837B-BD5A-C118-54B4-A77D-O
105240/8329a5ade9620e6355ddh,1,1,1,0,10.5240/8329-A5AD-E962-0E63-55DD-H
105240/82dfcf9931bf12c15ea0p,1,1,1,0,10.5240/82DF-CF99-31BF-12C1-5EA0-P
105240/82d3b9c3d2ec6bffa692b,1,1,1,0,10.5240/82D3-B9C3-D2EC-6BFF-A692-B
105240/8264c300ea5b4e1b785e6,1,1,1,0,10.5240/8264-C300-EA5B-4E1B-785E-6
105240/81d89715a038f77d86afq,1,1,1,0,10.5240/81D8-9715-A038-F77D-86AF-Q
105240/81a59f3a3bb10c420901x,1,1,1,0,10.5240/81A5-9F3A-3BB1-0C42-0901-X
105240/8145a21d69ca92d8af6ci,1,1,1,0,10.5240/8145-A21D-69CA-92D8-AF6C-I
105240/81411a551ad42903605cw,1,1,1,0,10.5240/8141-1A55-1AD4-2903-605C-W
105240/807b3ea86a20b60d456aq,1,1,1,0,10.5240/807B-3EA8-6A20-B60D-456A-Q
105240/806f9cba2de1610a98a5l,1,1,1,0,10.5240/806F-9CBA-2DE1-610A-98A5-L
105240/806b9a2cd4c8e78753cae,1,1,1,0,10.5240/806B-9A2C-D4C8-E787-53CA-E
105240/7fe20a4fad24d6e83fdbi,1,1,1,0,10.5240/7FE2-0A4F-AD24-D6E8-3FDB-I
105240/7fcb255b71bcbee3cb1el,1,1,1,0,10.5240/7FCB-255B-71BC-BEE3-CB1E-L
105240/7f93c6ac8889cc29542fw,1,1,1,0,10.5240/7F93-C6AC-8889-CC29-542F-W
105240/7ee20dbaf1316460112cw,1,1,1,0,10.5240/7EE2-0DBA-F131-6460-112C-W
105240/7ec7228a510a053ecbb8j,1,1,1,0,10.5240/7EC7-228A-510A-053E-CBB8-J
105240/7ebce8307e122caf3b40g,1,1,1,0,10.5240/7EBC-E830-7E12-2CAF-3B40-G
105240/7ead171529cb79f49dcal,1,1,1,0,10.5240/7EAD-1715-29CB-79F4-9DCA-L
105240/7ea21e7f8239df5388bf7,1,1,1,0,10.5240/7EA2-1E7F-8239-DF53-88BF-7
105240/7e4cbe1c3ca9d116e86d7,1,1,1,0,10.5240/7E4C-BE1C-3CA9-D116-E86D-7
105240/7e0ad5a8a07bf2f910bf3,1,1,1,0,10.5240/7E0A-D5A8-A07B-F2F9-10BF-3
105240/7e0aa75b017fb3d09e61o,1,1,1,0,10.5240/7E0A-A75B-017F-B3D0-9E61-O
105240/7da2296ed82a0d5bfbfcz,1,1,1,0,10.5240/7DA2-296E-D82A-0D5B-FBFC-Z
105240/7d96772fed4a4a706342u,1,1,1,0,10.5240/7D96-772F-ED4A-4A70-6342-U
105240/7d5a2b317d66fd03d0ba8,1,1,1,0,10.5240/7D5A-2B31-7D66-FD03-D0BA-8
105240/7d5683bd8faf3eafeabao,1,1,1,0,10.5240/7D56-83BD-8FAF-3EAF-EABA-O
105240/7d4aadd83cb8c8ec398dj,1,1,1,0,10.5240/7D4A-ADD8-3CB8-C8EC-398D-J
105240/7d1c3b3259d7be580662a,1,1,1,0,10.5240/7D1C-3B32-59D7-BE58-0662-A
105240/7d1459a5a806c123d982g,1,1,1,0,10.5240/7D14-59A5-A806-C123-D982-G
105240/7cedb2d419576d9300711,1,1,1,0,10.5240/7CED-B2D4-1957-6D93-0071-1
105240/7cd3b0fb4a217e63f1b6s,1,1,1,0,10.5240/7CD3-B0FB-4A21-7E63-F1B6-S
105240/7cc0348a39181736146dy,1,1,1,0,10.5240/7CC0-348A-3918-1736-146D-Y
105240/7ca6f9fb7d8bdbc8a0c7s,1,1,1,0,10.5240/7CA6-F9FB-7D8B-DBC8-A0C7-S
105240/7c5c7cde2380c849c189y,1,1,1,0,10.5240/7C5C-7CDE-2380-C849-C189-Y
105240/7c3cfe7bbbf1b6c6926bi,1,1,1,0,10.5240/7C3C-FE7B-BBF1-B6C6-926B-I
105240/7bf59da3dbd109853571e,1,1,1,0,10.5240/7BF5-9DA3-DBD1-0985-3571-E
105240/7b763611ae51c69aedf8o,1,1,1,0,10.5240/7B76-3611-AE51-C69A-EDF8-O
105240/7b67398f1f094850912dg,1,1,1,0,10.5240/7B67-398F-1F09-4850-912D-G
105240/7b405ff1cc63e04ba60e2,1,1,1,0,10.5240/7B40-5FF1-CC63-E04B-A60E-2
105240/7af1eb5cb61bb14646097,1,1,1,0,10.5240/7AF1-EB5C-B61B-B146-4609-7
105240/7ae5f573381c1642050bv,1,1,1,0,10.5240/7AE5-F573-381C-1642-050B-V
105240/7a3c141a8cf45cf84a805,1,1,1,0,10.5240/7A3C-141A-8CF4-5CF8-4A80-5
105240/7a3161dad082124961b5u,1,1,1,0,10.5240/7A31-61DA-D082-1249-61B5-U
105240/7a1743eba52eb5abf512j,1,1,1,0,10.5240/7A17-43EB-A52E-B5AB-F512-J
105240/79e8903d39d25a8198d4c,1,1,1,0,10.5240/79E8-903D-39D2-5A81-98D4-C
105240/793470934e9361e9fd51n,1,1,1,0,10.5240/7934-7093-4E93-61E9-FD51-N
105240/78dee4022d24d2ecd78co,1,1,1,0,10.5240/78DE-E402-2D24-D2EC-D78C-O
105240/7813cf6482f1d8db7a4fx,1,1,1,0,10.5240/7813-CF64-82F1-D8DB-7A4F-X
105240/77b81a897d54cc846cfdc,1,1,1,0,10.5240/77B8-1A89-7D54-CC84-6CFD-C
105240/77792a132fd5449d1ad4l,1,1,1,0,10.5240/7779-2A13-2FD5-449D-1AD4-L
105240/768e80466c514a319e475,1,1,1,0,10.5240/768E-8046-6C51-4A31-9E47-5
105240/76838af19d1e38c0c200n,1,1,1,0,10.5240/7683-8AF1-9D1E-38C0-C200-N
105240/75c610a4ecfbcbf45de4y,1,1,1,0,10.5240/75C6-10A4-ECFB-CBF4-5DE4-Y
105240/75bfeb51f6119cd7dcee8,1,1,1,0,10.5240/75BF-EB51-F611-9CD7-DCEE-8
105240/754bdcc74d726d60bf9ce,1,1,1,0,10.5240/754B-DCC7-4D72-6D60-BF9C-E
105240/75446fcaf299ecd8be4da,1,1,1,0,10.5240/7544-6FCA-F299-ECD8-BE4D-A
105240/753b99593f77fd015a5er,1,1,1,0,10.5240/753B-9959-3F77-FD01-5A5E-R
105240/753ae7541a9d6add4a59p,1,1,1,0,10.5240/753A-E754-1A9D-6ADD-4A59-P
105240/75180e8e2c199346f9931,1,1,1,0,10.5240/7518-0E8E-2C19-9346-F993-1
105240/7506df778ed47e2bf4f69,1,1,1,0,10.5240/7506-DF77-8ED4-7E2B-F4F6-9
105240/74f0873cd790c9cf8cfc8,1,1,1,0,10.5240/74F0-873C-D790-C9CF-8CFC-8
105240/74e8c28810fbed390a1ae,1,1,1,0,10.5240/74E8-C288-10FB-ED39-0A1A-E
105240/7458b72e107c08550da89,1,1,1,0,10.5240/7458-B72E-107C-0855-0DA8-9
105240/7456cd97fe8a7d15a69f5,1,1,1,0,10.5240/7456-CD97-FE8A-7D15-A69F-5
105240/742548456e50e0bc662ea,1,1,1,0,10.5240/7425-4845-6E50-E0BC-662E-A
105240/7418a7af2a8ae1afe469c,1,1,1,0,10.5240/7418-A7AF-2A8A-E1AF-E469-C
105240/73f275e66cc9147ddbc6e,1,1,1,0,10.5240/73F2-75E6-6CC9-147D-DBC6-E
105240/73ea576b576f45c0c8982,1,1,1,0,10.5240/73EA-576B-576F-45C0-C898-2
105240/73cadbf1b5f9995d01a06,1,1,1,0,10.5240/73CA-DBF1-B5F9-995D-01A0-6
105240/731b0af4fad17d6cc791f,1,1,1,0,10.5240/731B-0AF4-FAD1-7D6C-C791-F
105240/72a94c3b9c39c52f81f0j,1,1,1,0,10.5240/72A9-4C3B-9C39-C52F-81F0-J
105240/726c8ef8e71c2c85da1e9,1,1,1,0,10.5240/726C-8EF8-E71C-2C85-DA1E-9
105240/72681c0921950bc45ce1f,1,1,1,0,10.5240/7268-1C09-2195-0BC4-5CE1-F
105240/7236d7c3529395a976c7q,1,1,1,0,10.5240/7236-D7C3-5293-95A9-76C7-Q
105240/720df5a9eb174235a146o,1,1,1,0,10.5240/720D-F5A9-EB17-4235-A146-O
105240/71bc1dd218925e6c49f6e,1,1,1,0,10.5240/71BC-1DD2-1892-5E6C-49F6-E
105240/71bba582e01755959fd6x,1,1,1,0,10.5240/71BB-A582-E017-5595-9FD6-X
105240/70e9394c85cf210eb27a1,1,1,1,0,10.5240/70E9-394C-85CF-210E-B27A-1
105240/7083bf1be6b6f63b498c5,1,1,1,0,10.5240/7083-BF1B-E6B6-F63B-498C-5
105240/7083a9476bbd466f4752a,1,1,1,0,10.5240/7083-A947-6BBD-466F-4752-A
105240/705220d5cc7d61c3ea09i,1,1,1,0,10.5240/7052-20D5-CC7D-61C3-EA09-I
105240/703fd0bb6dde69b6f6efh,1,1,1,0,10.5240/703F-D0BB-6DDE-69B6-F6EF-H
105240/6fc95495f0c791f187e6g,1,1,1,0,10.5240/6FC9-5495-F0C7-91F1-87E6-G
105240/6f970ea5b4061b294c38k,1,1,1,0,10.5240/6F97-0EA5-B406-1B29-4C38-K
105240/6f5875929da25ab01527c,1,1,1,0,10.5240/6F58-7592-9DA2-5AB0-1527-C
105240/6ec0c85162fa9717fc32a,1,1,1,0,10.5240/6EC0-C851-62FA-9717-FC32-A
105240/6eaf7ce4a82e62dea2b6s,1,1,1,0,10.5240/6EAF-7CE4-A82E-62DE-A2B6-S
105240/6e51c986e0df3e06edc6j,1,1,1,0,10.5240/6E51-C986-E0DF-3E06-EDC6-J
105240/6e37c3c97030cce453b1k,1,1,1,0,10.5240/6E37-C3C9-7030-CCE4-53B1-K
105240/6e2b253f770b3b40262a4,1,1,1,0,10.5240/6E2B-253F-770B-3B40-262A-4
105240/6e08fc19ec3dcfada3655,1,1,1,0,10.5240/6E08-FC19-EC3D-CFAD-A365-5
105240/6d8cef053efe22d880f85,1,1,1,0,10.5240/6D8C-EF05-3EFE-22D8-80F8-5
105240/6d81f088e4ae587db06ah,1,1,1,0,10.5240/6D81-F088-E4AE-587D-B06A-H
105240/6d81706ad51904611507e,1,1,1,0,10.5240/6D81-706A-D519-0461-1507-E
105240/6d102bff787a8b50d7b45,1,1,1,0,10.5240/6D10-2BFF-787A-8B50-D7B4-5
105240/6cfa15849db331d4f651d,1,1,1,0,10.5240/6CFA-1584-9DB3-31D4-F651-D
105240/6cae1eec346f2a7a09ad8,1,1,1,0,10.5240/6CAE-1EEC-346F-2A7A-09AD-8
105240/6c8d378e0d3748016161y,1,1,1,0,10.5240/6C8D-378E-0D37-4801-6161-Y
105240/6c6b5a1e62d61ce6e4f7x,1,1,1,0,10.5240/6C6B-5A1E-62D6-1CE6-E4F7-X
105240/6c5df59238eac74fb667x,1,1,1,0,10.5240/6C5D-F592-38EA-C74F-B667-X
105240/6be8c63a812bc95199ffv,1,1,1,0,10.5240/6BE8-C63A-812B-C951-99FF-V
105240/6b95754f878cac894364m,1,1,1,0,10.5240/6B95-754F-878C-AC89-4364-M
105240/6b7a2b07a35565c9918df,1,1,1,0,10.5240/6B7A-2B07-A355-65C9-918D-F
105240/6b15c23271a37c0cbd29t,1,1,1,0,10.5240/6B15-C232-71A3-7C0C-BD29-T
105240/6b0d47c10097e1f38f0fr,1,1,1,0,10.5240/6B0D-47C1-0097-E1F3-8F0F-R
105240/6acaafa6b19d482fda88j,1,1,1,0,10.5240/6ACA-AFA6-B19D-482F-DA88-J
105240/6a5ebea560bc320b37e7j,1,1,1,0,10.5240/6A5E-BEA5-60BC-320B-37E7-J
105240/69660a763cbd82d1c6ad4,1,1,1,0,10.5240/6966-0A76-3CBD-82D1-C6AD-4
105240/6964524b61eaffc3b639m,1,1,1,0,10.5240/6964-524B-61EA-FFC3-B639-M
105240/691f2524ccb26562b733s,1,1,1,0,10.5240/691F-2524-CCB2-6562-B733-S
105240/68f597f5f93885354e3cp,1,1,1,0,10.5240/68F5-97F5-F938-8535-4E3C-P
105240/68dd341e03ee4bb81761q,1,1,1,0,10.5240/68DD-341E-03EE-4BB8-1761-Q
105240/68d6274d56dba50c122en,1,1,1,0,10.5240/68D6-274D-56DB-A50C-122E-N
105240/689ad2570b476e79e0a79,1,1,1,0,10.5240/689A-D257-0B47-6E79-E0A7-9
105240/67de1625f8e26e38ca7am,1,1,1,0,10.5240/67DE-1625-F8E2-6E38-CA7A-M
105240/67c844728a3990d500d3u,1,1,1,0,10.5240/67C8-4472-8A39-90D5-00D3-U
105240/67bb5a81f2e8b006ba7dh,1,1,1,0,10.5240/67BB-5A81-F2E8-B006-BA7D-H
105240/67a42ef7f243e40a2298o,1,1,1,0,10.5240/67A4-2EF7-F243-E40A-2298-O
105240/677d63519ae3bbab9e70u,1,1,1,0,10.5240/677D-6351-9AE3-BBAB-9E70-U
105240/6714074ec69defbeb868e,1,1,1,0,10.5240/6714-074E-C69D-EFBE-B868-E
105240/6698991622e2ae148878y,1,1,1,0,10.5240/6698-9916-22E2-AE14-8878-Y
105240/664d319e2f115a54f1b2r,1,1,1,0,10.5240/664D-319E-2F11-5A54-F1B2-R
105240/66434840d6018cb94bb39,1,1,1,0,10.5240/6643-4840-D601-8CB9-4BB3-9
105240/66074e2e4cbdd50fdbbca,1,1,1,0,10.5240/6607-4E2E-4CBD-D50F-DBBC-A
105240/65c10aebb53ecafd2256r,1,1,1,0,10.5240/65C1-0AEB-B53E-CAFD-2256-R
105240/6583d8567260f6f49b34r,1,1,1,0,10.5240/6583-D856-7260-F6F4-9B34-R
105240/64e5173840d734abbf5f2,1,1,1,0,10.5240/64E5-1738-40D7-34AB-BF5F-2
105240/64ac097c97040a02ee2dh,1,1,1,0,10.5240/64AC-097C-9704-0A02-EE2D-H
105240/645295a0e37297202c18l,1,1,1,0,10.5240/6452-95A0-E372-9720-2C18-L
105240/644100f3a38877c74445j,1,1,1,0,10.5240/6441-00F3-A388-77C7-4445-J
105240/63bf5ead02f2026d9daf8,1,1,1,0,10.5240/63BF-5EAD-02F2-026D-9DAF-8
105240/636070ccb8a4ad22013dy,1,1,1,0,10.5240/6360-70CC-B8A4-AD22-013D-Y
105240/634eb37a36a9b5611e9ez,1,1,1,0,10.5240/634E-B37A-36A9-B561-1E9E-Z
105240/631ce86d2f354ca371f28,1,1,1,0,10.5240/631C-E86D-2F35-4CA3-71F2-8
105240/62e3e39c913c7805bb51f,1,1,1,0,10.5240/62E3-E39C-913C-7805-BB51-F
105240/626cf949c012aa2dcac2g,1,1,1,0,10.5240/626C-F949-C012-AA2D-CAC2-G
105240/622ed6c49f3c7bd9bccbr,1,1,1,0,10.5240/622E-D6C4-9F3C-7BD9-BCCB-R
105240/622b20971e78ec9cdd6ab,1,1,1,0,10.5240/622B-2097-1E78-EC9C-DD6A-B
105240/619afccd54e4b3843602w,1,1,1,0,10.5240/619A-FCCD-54E4-B384-3602-W
105240/6175334c5b4543ed58a2s,1,1,1,0,10.5240/6175-334C-5B45-43ED-58A2-S
105240/61543d2b56c7ff40f148k,1,1,1,0,10.5240/6154-3D2B-56C7-FF40-F148-K
105240/613340e40fce163a7b3c6,1,1,1,0,10.5240/6133-40E4-0FCE-163A-7B3C-6
105240/60e6ee001e8f67d042a5v,1,1,1,0,10.5240/60E6-EE00-1E8F-67D0-42A5-V
105240/60d8d2676198fba56be11,1,1,1,0,10.5240/60D8-D267-6198-FBA5-6BE1-1
105240/60b7b6a12924a085aa4fr,1,1,1,0,10.5240/60B7-B6A1-2924-A085-AA4F-R
105240/60739ba76564bd29e6a02,1,1,1,0,10.5240/6073-9BA7-6564-BD29-E6A0-2
105240/601e4b4109ac125488832,1,1,1,0,10.5240/601E-4B41-09AC-1254-8883-2
105240/60103cbfe2eaf3441bf62,1,1,1,0,10.5240/6010-3CBF-E2EA-F344-1BF6-2
105240/600352c8b7ef7b9c3c86m,1,1,1,0,10.5240/6003-52C8-B7EF-7B9C-3C86-M
105240/5fd961e1e7fa86dcbc7cj,1,1,1,0,10.5240/5FD9-61E1-E7FA-86DC-BC7C-J
105240/5fbc710d032c675cc432r,1,1,1,0,10.5240/5FBC-710D-032C-675C-C432-R
105240/5fb47ec2caa6390421dco,1,1,1,0,10.5240/5FB4-7EC2-CAA6-3904-21DC-O
105240/5fa80e4df094b95dce2fd,1,1,1,0,10.5240/5FA8-0E4D-F094-B95D-CE2F-D
105240/5f8de99cffa7da9f73a1j,1,1,1,0,10.5240/5F8D-E99C-FFA7-DA9F-73A1-J
105240/5f1d89c7b3da6fff28b21,1,1,1,0,10.5240/5F1D-89C7-B3DA-6FFF-28B2-1
105240/5ef9c8d91f7486d6727d9,1,1,1,0,10.5240/5EF9-C8D9-1F74-86D6-727D-9
105240/5ee0abdf03e24dd6a9e9t,1,1,1,0,10.5240/5EE0-ABDF-03E2-4DD6-A9E9-T
105240/5e931ad8215df1bca55ab,1,1,1,0,10.5240/5E93-1AD8-215D-F1BC-A55A-B
105240/5e905d135a2eedd58050b,1,1,1,0,10.5240/5E90-5D13-5A2E-EDD5-8050-B
105240/5debc8a93ac996ab1d273,1,1,1,0,10.5240/5DEB-C8A9-3AC9-96AB-1D27-3
105240/5dd6867955ae922958b3l,1,1,1,0,10.5240/5DD6-8679-55AE-9229-58B3-L
105240/5dca250e511f52b7515da,1,1,1,0,10.5240/5DCA-250E-511F-52B7-515D-A
105240/5c936471901d1b40836db,1,1,1,0,10.5240/5C93-6471-901D-1B40-836D-B
105240/5c4df2377c6f818326f5q,1,1,1,0,10.5240/5C4D-F237-7C6F-8183-26F5-Q
105240/5b8c8e6cd06cf22ac81ch,1,1,1,0,10.5240/5B8C-8E6C-D06C-F22A-C81C-H
105240/5b4aaf25542fa32b22bdn,1,1,1,0,10.5240/5B4A-AF25-542F-A32B-22BD-N
105240/5ad65f9ad72d816c1fe6o,1,1,1,0,10.5240/5AD6-5F9A-D72D-816C-1FE6-O
105240/5ad0c45a1db4e5dc3073y,1,1,1,0,10.5240/5AD0-C45A-1DB4-E5DC-3073-Y
105240/5ace82637d9fdc038078f,1,1,1,0,10.5240/5ACE-8263-7D9F-DC03-8078-F
105240/5a9b0bd3209c2011062bz,1,1,1,0,10.5240/5A9B-0BD3-209C-2011-062B-Z
105240/5a9afc655a55a9badfd6i,1,1,1,0,10.5240/5A9A-FC65-5A55-A9BA-DFD6-I
105240/5a43ac96310b444f75a1k,1,1,1,0,10.5240/5A43-AC96-310B-444F-75A1-K
105240/5a11f9aaab7a5a6312f2g,1,1,1,0,10.5240/5A11-F9AA-AB7A-5A63-12F2-G
105240/5a088cce5ef98afe0d7a7,1,1,1,0,10.5240/5A08-8CCE-5EF9-8AFE-0D7A-7
105240/5a020714c8432a046006p,1,1,1,0,10.5240/5A02-0714-C843-2A04-6006-P
105240/59d4e142a47ab9999294g,1,1,1,0,10.5240/59D4-E142-A47A-B999-9294-G
105240/599afc9ff9ff1c39a1f0c,1,1,1,0,10.5240/599A-FC9F-F9FF-1C39-A1F0-C
105240/59551434fb04deddb55di,1,1,1,0,10.5240/5955-1434-FB04-DEDD-B55D-I
105240/59108d250b3593128f74q,1,1,1,0,10.5240/5910-8D25-0B35-9312-8F74-Q
105240/58cdac37ad1e0b5aabb6f,1,1,1,0,10.5240/58CD-AC37-AD1E-0B5A-ABB6-F
105240/58c64dacc10ccd127d24d,1,1,1,0,10.5240/58C6-4DAC-C10C-CD12-7D24-D
105240/5868409e7bfb536a6067e,1,1,1,0,10.5240/5868-409E-7BFB-536A-6067-E
105240/57d745ab28501f9975f6g,1,1,1,0,10.5240/57D7-45AB-2850-1F99-75F6-G
105240/5795a29236d60406e1deq,1,1,1,0,10.5240/5795-A292-36D6-0406-E1DE-Q
105240/5793ed9ece4839c5e0a3a,1,1,1,0,10.5240/5793-ED9E-CE48-39C5-E0A3-A
105240/577fad1caaeb364a3888g,1,1,1,0,10.5240/577F-AD1C-AAEB-364A-3888-G
105240/5731ac543a5938707a47s,1,1,1,0,10.5240/5731-AC54-3A59-3870-7A47-S
105240/56e40c7bccdb7bfcc1beh,1,1,1,0,10.5240/56E4-0C7B-CCDB-7BFC-C1BE-H
105240/56c517a5fdf906341c0dc,1,1,1,0,10.5240/56C5-17A5-FDF9-0634-1C0D-C
105240/56a3dd59744985725da58,1,1,1,0,10.5240/56A3-DD59-7449-8572-5DA5-8
105240/56664dba6f46b34987e99,1,1,1,0,10.5240/5666-4DBA-6F46-B349-87E9-9
105240/56468232e246da591be97,1,1,1,0,10.5240/5646-8232-E246-DA59-1BE9-7
105240/55992057ea439b0cae90z,1,1,1,0,10.5240/5599-2057-EA43-9B0C-AE90-Z
105240/5588c0442fc83c15b468t,1,1,1,0,10.5240/5588-C044-2FC8-3C15-B468-T
105240/551e737598e2a6ef3d0c4,1,1,1,0,10.5240/551E-7375-98E2-A6EF-3D0C-4
105240/550c4c4642c8d3b27ee13,1,1,1,0,10.5240/550C-4C46-42C8-D3B2-7EE1-3
105240/5500ccb8a6e8ce3e44180,1,1,1,0,10.5240/5500-CCB8-A6E8-CE3E-4418-0
105240/54fcde58151b4cfdbd9fu,1,1,1,0,10.5240/54FC-DE58-151B-4CFD-BD9F-U
105240/54f58e7459b0157747edo,1,1,1,0,10.5240/54F5-8E74-59B0-1577-47ED-O
105240/54efe0c800a365c27ff6m,1,1,1,0,10.5240/54EF-E0C8-00A3-65C2-7FF6-M
105240/54da85461b8a27f6a80cg,1,1,1,0,10.5240/54DA-8546-1B8A-27F6-A80C-G
105240/549c8bf92f5d5a0249e5c,1,1,1,0,10.5240/549C-8BF9-2F5D-5A02-49E5-C
105240/54946f7d368f0af70a3dc,1,1,1,0,10.5240/5494-6F7D-368F-0AF7-0A3D-C
105240/5481d0c9a3b96c51ecfdq,1,1,1,0,10.5240/5481-D0C9-A3B9-6C51-ECFD-Q
105240/5474f09a8ae218a8114ab,1,1,1,0,10.5240/5474-F09A-8AE2-18A8-114A-B
105240/545abfdbf65ace433a97q,1,1,1,0,10.5240/545A-BFDB-F65A-CE43-3A97-Q
105240/5400bdfd9b92ca0d3ba75,1,1,1,0,10.5240/5400-BDFD-9B92-CA0D-3BA7-5
105240/53e6ce8992652d240d8cz,1,1,1,0,10.5240/53E6-CE89-9265-2D24-0D8C-Z
105240/53d146c9a6791bc96209s,1,1,1,0,10.5240/53D1-46C9-A679-1BC9-6209-S
105240/53c826d1413c061043647,1,1,1,0,10.5240/53C8-26D1-413C-0610-4364-7
105240/537159243ac75422e40f9,1,1,1,0,10.5240/5371-5924-3AC7-5422-E40F-9
105240/5356ee24d4c85201d9035,1,1,1,0,10.5240/5356-EE24-D4C8-5201-D903-5
105240/53305d3454f06b941644f,1,1,1,0,10.5240/5330-5D34-54F0-6B94-1644-F
105240/53219555f79cadc06aa7m,1,1,1,0,10.5240/5321-9555-F79C-ADC0-6AA7-M
105240/531605ae37fa0f8b5de4j,1,1,1,0,10.5240/5316-05AE-37FA-0F8B-5DE4-J
105240/52cf4aa1536eb4dd7d7cn,1,1,1,0,10.5240/52CF-4AA1-536E-B4DD-7D7C-N
105240/52cad19b385fde639438y,1,1,1,0,10.5240/52CA-D19B-385F-DE63-9438-Y
105240/528c3cf94caa5a5f77d1o,1,1,1,0,10.5240/528C-3CF9-4CAA-5A5F-77D1-O
105240/522f84e5b3846c8523b2j,1,1,1,0,10.5240/522F-84E5-B384-6C85-23B2-J
105240/51faac1e6ee4729cec86p,1,1,1,0,10.5240/51FA-AC1E-6EE4-729C-EC86-P
105240/519d92ad4a3621b99cecy,1,1,1,0,10.5240/519D-92AD-4A36-21B9-9CEC-Y
105240/515a78301f86a11a2ecfa,1,1,1,0,10.5240/515A-7830-1F86-A11A-2ECF-A
105240/513709217d25514029f6v,1,1,1,0,10.5240/5137-0921-7D25-5140-29F6-V
105240/5108a0bdca7eeb452237h,1,1,1,0,10.5240/5108-A0BD-CA7E-EB45-2237-H
105240/50fc09729a5b0fdf9e6d3,1,1,1,0,10.5240/50FC-0972-9A5B-0FDF-9E6D-3
105240/50b1d60f9d99750f0c70o,1,1,1,0,10.5240/50B1-D60F-9D99-750F-0C70-O
105240/50aef35d2901d56887e71,1,1,1,0,10.5240/50AE-F35D-2901-D568-87E7-1
105240/5072bd35df39619ccc813,1,1,1,0,10.5240/5072-BD35-DF39-619C-CC81-3
105240/4ffc95914f91385a5b4ap,1,1,1,0,10.5240/4FFC-9591-4F91-385A-5B4A-P
105240/4f2cdb6458f7555117939,1,1,1,0,10.5240/4F2C-DB64-58F7-5551-1793-9
105240/4efca8a4ea02a92e6707o,1,1,1,0,10.5240/4EFC-A8A4-EA02-A92E-6707-O
105240/4ea7042ea5553f8f0d50k,1,1,1,0,10.5240/4EA7-042E-A555-3F8F-0D50-K
105240/4e6edc6d36ca7ff97509k,1,1,1,0,10.5240/4E6E-DC6D-36CA-7FF9-7509-K
105240/4e486fef111391ed9eafd,1,1,1,0,10.5240/4E48-6FEF-1113-91ED-9EAF-D
105240/4d9e965cb8d35fea2681r,1,1,1,0,10.5240/4D9E-965C-B8D3-5FEA-2681-R
105240/4d5bbc539595f8479fec9,1,1,1,0,10.5240/4D5B-BC53-9595-F847-9FEC-9
105240/4d37c7f0915db16797b6w,1,1,1,0,10.5240/4D37-C7F0-915D-B167-97B6-W
105240/4cbb0e10012b55315cf0g,1,1,1,0,10.5240/4CBB-0E10-012B-5531-5CF0-G
105240/4caf45e03e9f842280def,1,1,1,0,10.5240/4CAF-45E0-3E9F-8422-80DE-F
105240/4c4b337cb90fa821e873s,1,1,1,0,10.5240/4C4B-337C-B90F-A821-E873-S
105240/4c01f5f40fb785f71e7cw,1,1,1,0,10.5240/4C01-F5F4-0FB7-85F7-1E7C-W
105240/4bf2ac422fc053d9b242r,1,1,1,0,10.5240/4BF2-AC42-2FC0-53D9-B242-R
105240/4be97d50ab3205f0fe5eu,1,1,1,0,10.5240/4BE9-7D50-AB32-05F0-FE5E-U
105240/4aa45c18dc370cecde0fy,1,1,1,0,10.5240/4AA4-5C18-DC37-0CEC-DE0F-Y
105240/4a7670acb8c3a8cc6ba2e,1,1,1,0,10.5240/4A76-70AC-B8C3-A8CC-6BA2-E
105240/4a16dde5870c1dfbaa9b2,1,1,1,0,10.5240/4A16-DDE5-870C-1DFB-AA9B-2
105240/49feb9fce953d2d85ee6s,1,1,1,0,10.5240/49FE-B9FC-E953-D2D8-5EE6-S
105240/4992d017988ea2c303ae1,1,1,1,0,10.5240/4992-D017-988E-A2C3-03AE-1
105240/49220d5b66d88fbf50c8z,1,1,1,0,10.5240/4922-0D5B-66D8-8FBF-50C8-Z
105240/48fb87394684c0bb76abg,1,1,1,0,10.5240/48FB-8739-4684-C0BB-76AB-G
105240/487b74580fddd4ba95b29,1,1,1,0,10.5240/487B-7458-0FDD-D4BA-95B2-9
105240/4877d0383b51d7bf6a282,1,1,1,0,10.5240/4877-D038-3B51-D7BF-6A28-2
105240/48083fac627cc086fde8y,1,1,1,0,10.5240/4808-3FAC-627C-C086-FDE8-Y
105240/47cdec86471b36fb087dz,1,1,1,0,10.5240/47CD-EC86-471B-36FB-087D-Z
105240/47c5a787032b9425aa18o,1,1,1,0,10.5240/47C5-A787-032B-9425-AA18-O
105240/47c10ebde966858f90d3a,1,1,1,0,10.5240/47C1-0EBD-E966-858F-90D3-A
105240/47b917bee5354cb2ed92z,1,1,1,0,10.5240/47B9-17BE-E535-4CB2-ED92-Z
105240/4799832dbc1bfaeeb63cq,1,1,1,0,10.5240/4799-832D-BC1B-FAEE-B63C-Q
105240/477bf965a93359d952918,1,1,1,0,10.5240/477B-F965-A933-59D9-5291-8
105240/476e8ceea9b8bb66c3778,1,1,1,0,10.5240/476E-8CEE-A9B8-BB66-C377-8
105240/46f106e6b3018d85cdb4y,1,1,1,0,10.5240/46F1-06E6-B301-8D85-CDB4-Y
105240/46928a58544075cb0a5dd,1,1,1,0,10.5240/4692-8A58-5440-75CB-0A5D-D
105240/462e1b983a71a9525512r,1,1,1,0,10.5240/462E-1B98-3A71-A952-5512-R
105240/45b9d742a11b03667f14g,1,1,1,0,10.5240/45B9-D742-A11B-0366-7F14-G
105240/44fbf3d03173422b16bfc,1,1,1,0,10.5240/44FB-F3D0-3173-422B-16BF-C
105240/44edca524e7f3801e44fp,1,1,1,0,10.5240/44ED-CA52-4E7F-3801-E44F-P
105240/44dda51836fa9a5ae28cf,1,1,1,0,10.5240/44DD-A518-36FA-9A5A-E28C-F
105240/44d2396a6638b5992dfeh,1,1,1,0,10.5240/44D2-396A-6638-B599-2DFE-H
105240/449bf8be6ea569e5d84fp,1,1,1,0,10.5240/449B-F8BE-6EA5-69E5-D84F-P
105240/44411c2e17a7b1b67151m,1,1,1,0,10.5240/4441-1C2E-17A7-B1B6-7151-M
105240/4415ac76017a1b8ff85ac,1,1,1,0,10.5240/4415-AC76-017A-1B8F-F85A-C
105240/43f6757a7de91a05d06c0,1,1,1,0,10.5240/43F6-757A-7DE9-1A05-D06C-0
105240/43d55bdb7cbf9b4e2e10n,1,1,1,0,10.5240/43D5-5BDB-7CBF-9B4E-2E10-N
105240/43b52770716b7122ca9f1,1,1,1,0,10.5240/43B5-2770-716B-7122-CA9F-1
105240/43096e691d37fd7dbd584,1,1,1,0,10.5240/4309-6E69-1D37-FD7D-BD58-4
105240/42bfe48a9bc999024eb1m,1,1,1,0,10.5240/42BF-E48A-9BC9-9902-4EB1-M
105240/42724b557c7626783b0er,1,1,1,0,10.5240/4272-4B55-7C76-2678-3B0E-R
105240/423e8ecec8847a641e1am,1,1,1,0,10.5240/423E-8ECE-C884-7A64-1E1A-M
105240/4215bdb740002a48d402y,1,1,1,0,10.5240/4215-BDB7-4000-2A48-D402-Y
105240/4197271c31dc378950a11,1,1,1,0,10.5240/4197-271C-31DC-3789-50A1-1
105240/41814dd25454fdd1582by,1,1,1,0,10.5240/4181-4DD2-5454-FDD1-582B-Y
105240/415af9df223105681610f,1,1,1,0,10.5240/415A-F9DF-2231-0568-1610-F
105240/4132fee8ca6cd4d55f978,1,1,1,0,10.5240/4132-FEE8-CA6C-D4D5-5F97-8
105240/40f4c53e4b157c57c918o,1,1,1,0,10.5240/40F4-C53E-4B15-7C57-C918-O
105240/4089cf307c4de5893a4cl,1,1,1,0,10.5240/4089-CF30-7C4D-E589-3A4C-L
105240/4059792323936071e12cc,1,1,1,0,10.5240/4059-7923-2393-6071-E12C-C
105240/4041ea17e7ad51d18278u,1,1,1,0,10.5240/4041-EA17-E7AD-51D1-8278-U
105240/402f88df74b8bba7ce05n,1,1,1,0,10.5240/402F-88DF-74B8-BBA7-CE05-N
105240/3fffcffbdd5ca5133969d,1,1,1,0,10.5240/3FFF-CFFB-DD5C-A513-3969-D
105240/3fcf22bfce52d937bf5at,1,1,1,0,10.5240/3FCF-22BF-CE52-D937-BF5A-T
105240/3f6a3ab01f7465b2acf50,1,1,1,0,10.5240/3F6A-3AB0-1F74-65B2-ACF5-0
105240/3f2427f6e541f8c2473a4,1,1,1,0,10.5240/3F24-27F6-E541-F8C2-473A-4
105240/3f02d6cd39e65cacfc1az,1,1,1,0,10.5240/3F02-D6CD-39E6-5CAC-FC1A-Z
105240/3ea84c0d0be7f86b2bf2k,1,1,1,0,10.5240/3EA8-4C0D-0BE7-F86B-2BF2-K
105240/3e5b211a57d626cb9ab6l,1,1,1,0,10.5240/3E5B-211A-57D6-26CB-9AB6-L
105240/3e31affd991d5cfc930d2,1,1,1,0,10.5240/3E31-AFFD-991D-5CFC-930D-2
105240/3e2c3b0efd92070ad9635,1,1,1,0,10.5240/3E2C-3B0E-FD92-070A-D963-5
105240/3e1a3166fc5532a2b810y,1,1,1,0,10.5240/3E1A-3166-FC55-32A2-B810-Y
105240/3d88318e7fd92c1d2aafy,1,1,1,0,10.5240/3D88-318E-7FD9-2C1D-2AAF-Y
105240/3cf3483a94052e7bdb50o,1,1,1,0,10.5240/3CF3-483A-9405-2E7B-DB50-O
105240/3c9381af9727bbc16b75s,1,1,1,0,10.5240/3C93-81AF-9727-BBC1-6B75-S
105240/3c88fecb1bc311371d44l,1,1,1,0,10.5240/3C88-FECB-1BC3-1137-1D44-L
105240/3c855cee8e350ae518f0o,1,1,1,0,10.5240/3C85-5CEE-8E35-0AE5-18F0-O
105240/3c81c390f40532f320b19,1,1,1,0,10.5240/3C81-C390-F405-32F3-20B1-9
105240/3c5ee08afaeb0fc984247,1,1,1,0,10.5240/3C5E-E08A-FAEB-0FC9-8424-7
105240/3c3495ed8d566dd30abba,1,1,1,0,10.5240/3C34-95ED-8D56-6DD3-0ABB-A
105240/3b769ac6e80f64867b5cm,1,1,1,0,10.5240/3B76-9AC6-E80F-6486-7B5C-M
105240/3b629481f274b2b16bfdu,1,1,1,0,10.5240/3B62-9481-F274-B2B1-6BFD-U
105240/3b58d0ea8f21fa8a9c2dx,1,1,1,0,10.5240/3B58-D0EA-8F21-FA8A-9C2D-X
105240/3b2b133ee4ca7043c2b4l,1,1,1,0,10.5240/3B2B-133E-E4CA-7043-C2B4-L
105240/3ae20e53b32881e42001e,1,1,1,0,10.5240/3AE2-0E53-B328-81E4-2001-E
105240/3ac7835a9a8cf25b5aeds,1,1,1,0,10.5240/3AC7-835A-9A8C-F25B-5AED-S
105240/3a581de7229ba5705f451,1,1,1,0,10.5240/3A58-1DE7-229B-A570-5F45-1
105240/3a3e6e66151b9f14a71c5,1,1,1,0,10.5240/3A3E-6E66-151B-9F14-A71C-5
105240/39e5635a3f024bd8d0934,1,1,1,0,10.5240/39E5-635A-3F02-4BD8-D093-4
105240/396e9cb6db18d6d9e7a01,1,1,1,0,10.5240/396E-9CB6-DB18-D6D9-E7A0-1
105240/3944374d17f3db790b13k,1,1,1,0,10.5240/3944-374D-17F3-DB79-0B13-K
105240/38f8108bfe99be736b6dd,1,1,1,0,10.5240/38F8-108B-FE99-BE73-6B6D-D
105240/38cbac3ead81a2a9811d2,1,1,1,0,10.5240/38CB-AC3E-AD81-A2A9-811D-2
105240/38c7edb409e0c75b6dc0n,1,1,1,0,10.5240/38C7-EDB4-09E0-C75B-6DC0-N
105240/3866be18c23b94c2b491r,1,1,1,0,10.5240/3866-BE18-C23B-94C2-B491-R
105240/37cf446da6816251d2c5e,1,1,1,0,10.5240/37CF-446D-A681-6251-D2C5-E
105240/37b757c9f787332513376,1,1,1,0,10.5240/37B7-57C9-F787-3325-1337-6
105240/374db52bbd20683c5e36v,1,1,1,0,10.5240/374D-B52B-BD20-683C-5E36-V
105240/369edb9a9873b57fe77cn,1,1,1,0,10.5240/369E-DB9A-9873-B57F-E77C-N
105240/368839a4c7f207707b30f,1,1,1,0,10.5240/3688-39A4-C7F2-0770-7B30-F
105240/35cfeb846b15164405600,1,1,1,0,10.5240/35CF-EB84-6B15-1644-0560-0
105240/35ae9fca28f178ae79dee,1,1,1,0,10.5240/35AE-9FCA-28F1-78AE-79DE-E
105240/35a6d9ee5b860f58c023a,1,1,1,0,10.5240/35A6-D9EE-5B86-0F58-C023-A
105240/354ec6e388b6668e24e6o,1,1,1,0,10.5240/354E-C6E3-88B6-668E-24E6-O
105240/3512dc1536f0dfb87764d,1,1,1,0,10.5240/3512-DC15-36F0-DFB8-7764-D
105240/34de58872310d7eacf04a,1,1,1,0,10.5240/34DE-5887-2310-D7EA-CF04-A
105240/34c18e4947c933402d3e0,1,1,1,0,10.5240/34C1-8E49-47C9-3340-2D3E-0
105240/34c05fe70f5e71645f7c3,1,1,1,0,10.5240/34C0-5FE7-0F5E-7164-5F7C-3
105240/348c323c5ee1731ab851w,1,1,1,0,10.5240/348C-323C-5EE1-731A-B851-W
105240/347692403ffa5b969cf6s,1,1,1,0,10.5240/3476-9240-3FFA-5B96-9CF6-S
105240/34640fca711023665f61t,1,1,1,0,10.5240/3464-0FCA-7110-2366-5F61-T
105240/345b2e95cf820d9b84das,1,1,1,0,10.5240/345B-2E95-CF82-0D9B-84DA-S
105240/3359362346fa75b478f6j,1,1,1,0,10.5240/3359-3623-46FA-75B4-78F6-J
105240/3350601447cc2d20283cl,1,1,1,0,10.5240/3350-6014-47CC-2D20-283C-L
105240/333a7d0c6485b99563d22,1,1,1,0,10.5240/333A-7D0C-6485-B995-63D2-2
105240/3320d2fd17edefabb12ea,1,1,1,0,10.5240/3320-D2FD-17ED-EFAB-B12E-A
105240/32b1b56714ac65c2b8efx,1,1,1,0,10.5240/32B1-B567-14AC-65C2-B8EF-X
105240/329b212cb34ccd987c38l,1,1,1,0,10.5240/329B-212C-B34C-CD98-7C38-L
105240/327a386f95e5606232ffn,1,1,1,0,10.5240/327A-386F-95E5-6062-32FF-N
105240/32683b31e9027973cd9fn,1,1,1,0,10.5240/3268-3B31-E902-7973-CD9F-N
105240/3248ac6b011129a7f473y,1,1,1,0,10.5240/3248-AC6B-0111-29A7-F473-Y
105240/323b05d4a4a4c1eb675bu,1,1,1,0,10.5240/323B-05D4-A4A4-C1EB-675B-U
105240/3222cfd8db219da800b69,1,1,1,0,10.5240/3222-CFD8-DB21-9DA8-00B6-9
105240/3213896cec0c73d09f35y,1,1,1,0,10.5240/3213-896C-EC0C-73D0-9F35-Y
105240/315951bfa6c87a1821557,1,1,1,0,10.5240/3159-51BF-A6C8-7A18-2155-7
105240/311997cfc8f729375e55r,1,1,1,0,10.5240/3119-97CF-C8F7-2937-5E55-R
105240/2fe7b345ba103575af7ab,1,1,1,0,10.5240/2FE7-B345-BA10-3575-AF7A-B
105240/2fc6b9865c46b67a9e6e7,1,1,1,0,10.5240/2FC6-B986-5C46-B67A-9E6E-7
105240/2f94dcbe94c7a9054863o,1,1,1,0,10.5240/2F94-DCBE-94C7-A905-4863-O
105240/2f66b68af6698a1b9104m,1,1,1,0,10.5240/2F66-B68A-F669-8A1B-9104-M
105240/2f5b3c82ddc7ff0540bcj,1,1,1,0,10.5240/2F5B-3C82-DDC7-FF05-40BC-J
105240/2f47960d5dbcc92e01394,1,1,1,0,10.5240/2F47-960D-5DBC-C92E-0139-4
105240/2f291ced68b2f400d2c8a,1,1,1,0,10.5240/2F29-1CED-68B2-F400-D2C8-A
105240/2f06c4fd7566f7cb3e86k,1,1,1,0,10.5240/2F06-C4FD-7566-F7CB-3E86-K
105240/2ef3f4f72f025cf3c2588,1,1,1,0,10.5240/2EF3-F4F7-2F02-5CF3-C258-8
105240/2ed43c32da8f41ba0751l,1,1,1,0,10.5240/2ED4-3C32-DA8F-41BA-0751-L
105240/2e41ea082ad48dbd08721,1,1,1,0,10.5240/2E41-EA08-2AD4-8DBD-0872-1
105240/2db6546165e0889bbc19p,1,1,1,0,10.5240/2DB6-5461-65E0-889B-BC19-P
105240/2d79aa955ffbb80dfd378,1,1,1,0,10.5240/2D79-AA95-5FFB-B80D-FD37-8
105240/2d644bd68e9d48e6e8f5g,1,1,1,0,10.5240/2D64-4BD6-8E9D-48E6-E8F5-G
105240/2d531ffc944c8f1eb3b5o,1,1,1,0,10.5240/2D53-1FFC-944C-8F1E-B3B5-O
105240/2d4575b9f67f9f2c4441k,1,1,1,0,10.5240/2D45-75B9-F67F-9F2C-4441-K
105240/2d1cb976d2c0b3cf5052r,1,1,1,0,10.5240/2D1C-B976-D2C0-B3CF-5052-R
105240/2c9fdbf06fdacf80bc96f,1,1,1,0,10.5240/2C9F-DBF0-6FDA-CF80-BC96-F
105240/2c51b517986beedaf24e1,1,1,1,0,10.5240/2C51-B517-986B-EEDA-F24E-1
105240/2c3063cf167df665e856g,1,1,1,0,10.5240/2C30-63CF-167D-F665-E856-G
105240/2c03bee4798c176081f7l,1,1,1,0,10.5240/2C03-BEE4-798C-1760-81F7-L
105240/2b9aa64de62a839b48082,1,1,1,0,10.5240/2B9A-A64D-E62A-839B-4808-2
105240/2b10fe9ae7b39a20c97cb,1,1,1,0,10.5240/2B10-FE9A-E7B3-9A20-C97C-B
105240/2afb5ece4eefd0741ebcr,1,1,1,0,10.5240/2AFB-5ECE-4EEF-D074-1EBC-R
105240/2a468f0ef56901ca82718,1,1,1,0,10.5240/2A46-8F0E-F569-01CA-8271-8
105240/2a2df0fa1f28f32d2099l,1,1,1,0,10.5240/2A2D-F0FA-1F28-F32D-2099-L
105240/2a295a7450aeb52c6dcce,1,1,1,0,10.5240/2A29-5A74-50AE-B52C-6DCC-E
105240/2a1f1068baa8ad1458a3s,1,1,1,0,10.5240/2A1F-1068-BAA8-AD14-58A3-S
105240/29f38722c836e6dbe1a8o,1,1,1,0,10.5240/29F3-8722-C836-E6DB-E1A8-O
105240/2985cf2f91374dfa9b32r,1,1,1,0,10.5240/2985-CF2F-9137-4DFA-9B32-R
105240/297085f9e888ce0b5f2fi,1,1,1,0,10.5240/2970-85F9-E888-CE0B-5F2F-I
105240/28c33a0bbc4bcba47f83y,1,1,1,0,10.5240/28C3-3A0B-BC4B-CBA4-7F83-Y
105240/28347ebc88ae992e6c6c9,1,1,1,0,10.5240/2834-7EBC-88AE-992E-6C6C-9
105240/280cd8d2f4f9b91f008cq,1,1,1,0,10.5240/280C-D8D2-F4F9-B91F-008C-Q
105240/27dd8ef2162fe63764748,1,1,1,0,10.5240/27DD-8EF2-162F-E637-6474-8
105240/27c018d1c46e0bdbeca7h,1,1,1,0,10.5240/27C0-18D1-C46E-0BDB-ECA7-H
105240/27ac612197ce383dcad5l,1,1,1,0,10.5240/27AC-6121-97CE-383D-CAD5-L
105240/2782fe2505a2f33350456,1,1,1,0,10.5240/2782-FE25-05A2-F333-5045-6
105240/271d757a7ddb418afed7z,1,1,1,0,10.5240/271D-757A-7DDB-418A-FED7-Z
105240/27114959f572738d8c7ao,1,1,1,0,10.5240/2711-4959-F572-738D-8C7A-O
105240/2703411fdcf62dea8df8h,1,1,1,0,10.5240/2703-411F-DCF6-2DEA-8DF8-H
105240/259c42a40947baeb6362j,1,1,1,0,10.5240/259C-42A4-0947-BAEB-6362-J
105240/2580329546b91db7728fg,1,1,1,0,10.5240/2580-3295-46B9-1DB7-728F-G
105240/254f7c457c20d75fa68fo,1,1,1,0,10.5240/254F-7C45-7C20-D75F-A68F-O
105240/2548c05c0502aa3f5dbbd,1,1,1,0,10.5240/2548-C05C-0502-AA3F-5DBB-D
105240/250d30128db773570afdn,1,1,1,0,10.5240/250D-3012-8DB7-7357-0AFD-N
105240/24e740f0707c68765245c,1,1,1,0,10.5240/24E7-40F0-707C-6876-5245-C
105240/24c7f1b1b79c8f2ba7f63,1,1,1,0,10.5240/24C7-F1B1-B79C-8F2B-A7F6-3
105240/248bf424b72a78af37f7b,1,1,1,0,10.5240/248B-F424-B72A-78AF-37F7-B
105240/24712732250f231928659,1,1,1,0,10.5240/2471-2732-250F-2319-2865-9
105240/2449c8232009059bb9b64,1,1,1,0,10.5240/2449-C823-2009-059B-B9B6-4
105240/22e1fff331487abf3c110,1,1,1,0,10.5240/22E1-FFF3-3148-7ABF-3C11-0
105240/228cc8eeb382ae53a317d,1,1,1,0,10.5240/228C-C8EE-B382-AE53-A317-D
105240/22728fa21d3a112c52c9h,1,1,1,0,10.5240/2272-8FA2-1D3A-112C-52C9-H
105240/225a1ae414f363847884q,1,1,1,0,10.5240/225A-1AE4-14F3-6384-7884-Q
105240/223658de5471acd804d64,1,1,1,0,10.5240/2236-58DE-5471-ACD8-04D6-4
105240/2207e62abd6a73884b50o,1,1,1,0,10.5240/2207-E62A-BD6A-7388-4B50-O
105240/21ef5066056bcf94ddda8,1,1,1,0,10.5240/21EF-5066-056B-CF94-DDDA-8
105240/21e43755b7c3ca351456q,1,1,1,0,10.5240/21E4-3755-B7C3-CA35-1456-Q
105240/218ecea96a73920e070c2,1,1,1,0,10.5240/218E-CEA9-6A73-920E-070C-2
105240/217c10cf54de73648d25x,1,1,1,0,10.5240/217C-10CF-54DE-7364-8D25-X
105240/2116a921fd9f839a5c51l,1,1,1,0,10.5240/2116-A921-FD9F-839A-5C51-L
105240/20f473a24b6de832a4c6u,1,1,1,0,10.5240/20F4-73A2-4B6D-E832-A4C6-U
105240/20d09946e1456704830fx,1,1,1,0,10.5240/20D0-9946-E145-6704-830F-X
105240/20c66c0b66f51b9803771,1,1,1,0,10.5240/20C6-6C0B-66F5-1B98-0377-1
105240/20755cc6150e7632af7cu,1,1,1,0,10.5240/2075-5CC6-150E-7632-AF7C-U
105240/205abd0cf52065f1855b9,1,1,1,0,10.5240/205A-BD0C-F520-65F1-855B-9
105240/2039205b19a2df8a210fy,1,1,1,0,10.5240/2039-205B-19A2-DF8A-210F-Y
105240/2007d17b5bae0783dfcdh,1,1,1,0,10.5240/2007-D17B-5BAE-0783-DFCD-H
105240/1feeea61f634ede91689n,1,1,1,0,10.5240/1FEE-EA61-F634-EDE9-1689-N
105240/1fe4ef1d1e8847cd7802p,1,1,1,0,10.5240/1FE4-EF1D-1E88-47CD-7802-P
105240/1fa6b31d2f8009ebe5480,1,1,1,0,10.5240/1FA6-B31D-2F80-09EB-E548-0
105240/1f1bcd1225250dfef873c,1,1,1,0,10.5240/1F1B-CD12-2525-0DFE-F873-C
105240/1ea4c88d40abb15f15a7f,1,1,1,0,10.5240/1EA4-C88D-40AB-B15F-15A7-F
105240/1e9340615b37115b1213o,1,1,1,0,10.5240/1E93-4061-5B37-115B-1213-O
105240/1e32bf506777877216434,1,1,1,0,10.5240/1E32-BF50-6777-8772-1643-4
105240/1de18807ec21eba54cb18,1,1,1,0,10.5240/1DE1-8807-EC21-EBA5-4CB1-8
105240/1dbf71c937d7ba9700ebq,1,1,1,0,10.5240/1DBF-71C9-37D7-BA97-00EB-Q
105240/1d83dbb369d71e449bfeu,1,1,1,0,10.5240/1D83-DBB3-69D7-1E44-9BFE-U
105240/1d62e0de8fa56e184942n,1,1,1,0,10.5240/1D62-E0DE-8FA5-6E18-4942-N
105240/1d51d96bc74cee4d444ee,1,1,1,0,10.5240/1D51-D96B-C74C-EE4D-444E-E
105240/1cfe4fff93080a140aaf7,1,1,1,0,10.5240/1CFE-4FFF-9308-0A14-0AAF-7
105240/1ca6f80cae2b98c079a42,1,1,1,0,10.5240/1CA6-F80C-AE2B-98C0-79A4-2
105240/1c998ca9a97ccd9d8a4cb,1,1,1,0,10.5240/1C99-8CA9-A97C-CD9D-8A4C-B
105240/1c6e696beaedd68837e2b,1,1,1,0,10.5240/1C6E-696B-EAED-D688-37E2-B
105240/1c653f059cd716565135y,1,1,1,0,10.5240/1C65-3F05-9CD7-1656-5135-Y
105240/1c6128ddeb245a95e747g,1,1,1,0,10.5240/1C61-28DD-EB24-5A95-E747-G
105240/1c45c1a44ea14dc216a19,1,1,1,0,10.5240/1C45-C1A4-4EA1-4DC2-16A1-9
105240/1c3b2c387eb33bffff39r,1,1,1,0,10.5240/1C3B-2C38-7EB3-3BFF-FF39-R
105240/1c288452f62576fc3797m,1,1,1,0,10.5240/1C28-8452-F625-76FC-3797-M
105240/1b705db361d9c74826925,1,1,1,0,10.5240/1B70-5DB3-61D9-C748-2692-5
105240/1b6a1246faa5aed1c132h,1,1,1,0,10.5240/1B6A-1246-FAA5-AED1-C132-H
105240/1ab630bfdbbe740234cfu,1,1,1,0,10.5240/1AB6-30BF-DBBE-7402-34CF-U
105240/1a508aa33a85932476c8p,1,1,1,0,10.5240/1A50-8AA3-3A85-9324-76C8-P
105240/1a312f242f42632497f3c,1,1,1,0,10.5240/1A31-2F24-2F42-6324-97F3-C
105240/1944d35957a8ee23e403p,1,1,1,0,10.5240/1944-D359-57A8-EE23-E403-P
105240/1942b3acd89c99fff5ba1,1,1,1,0,10.5240/1942-B3AC-D89C-99FF-F5BA-1
105240/190cc2216cfc02a0b5972,1,1,1,0,10.5240/190C-C221-6CFC-02A0-B597-2
105240/18747defa6d32538d1dby,1,1,1,0,10.5240/1874-7DEF-A6D3-2538-D1DB-Y
105240/186dbde176cbfc0159d0g,1,1,1,0,10.5240/186D-BDE1-76CB-FC01-59D0-G
105240/1866ea5f3bbe56cc64e7x,1,1,1,0,10.5240/1866-EA5F-3BBE-56CC-64E7-X
105240/1847c5bc55e365ef9ded1,1,1,1,0,10.5240/1847-C5BC-55E3-65EF-9DED-1
105240/1840eab542e2b00a7ac0h,1,1,1,0,10.5240/1840-EAB5-42E2-B00A-7AC0-H
105240/17b64b291e3a5e01bce1z,1,1,1,0,10.5240/17B6-4B29-1E3A-5E01-BCE1-Z
105240/17b34d4f9492fe49ac78t,1,1,1,0,10.5240/17B3-4D4F-9492-FE49-AC78-T
105240/179907625adadc35f2ace,1,1,1,0,10.5240/1799-0762-5ADA-DC35-F2AC-E
105240/17207f2336eb06c0c8c4o,1,1,1,0,10.5240/1720-7F23-36EB-06C0-C8C4-O
105240/15f04256c69e4b9485716,1,1,1,0,10.5240/15F0-4256-C69E-4B94-8571-6
105240/1585509afd677cb000c8v,1,1,1,0,10.5240/1585-509A-FD67-7CB0-00C8-V
105240/155b23815cce1197c6d1v,1,1,1,0,10.5240/155B-2381-5CCE-1197-C6D1-V
105240/153ee78d64bfafeac930h,1,1,1,0,10.5240/153E-E78D-64BF-AFEA-C930-H
105240/1508df83908a8d5a27b00,1,1,1,0,10.5240/1508-DF83-908A-8D5A-27B0-0
105240/14fe59da77bb623b9fa6e,1,1,1,0,10.5240/14FE-59DA-77BB-623B-9FA6-E
105240/14b027df51dbe36aeb35g,1,1,1,0,10.5240/14B0-27DF-51DB-E36A-EB35-G
105240/148ce8dd7741265dcbdf1,1,1,1,0,10.5240/148C-E8DD-7741-265D-CBDF-1
105240/14747bed62b126b8febb5,1,1,1,0,10.5240/1474-7BED-62B1-26B8-FEBB-5
105240/146166bd062905e822e9r,1,1,1,0,10.5240/1461-66BD-0629-05E8-22E9-R
105240/14381b646ef61cd8d431f,1,1,1,0,10.5240/1438-1B64-6EF6-1CD8-D431-F
105240/14294c6bd3d13ae5feeb0,1,1,1,0,10.5240/1429-4C6B-D3D1-3AE5-FEEB-0
105240/130a52c574ad19a5e7fdf,1,1,1,0,10.5240/130A-52C5-74AD-19A5-E7FD-F
105240/12956945d454f2592b2ck,1,1,1,0,10.5240/1295-6945-D454-F259-2B2C-K
105240/1230c5909570cbcffcd5t,1,1,1,0,10.5240/1230-C590-9570-CBCF-FCD5-T
105240/122f8bac329bd86f8c562,1,1,1,0,10.5240/122F-8BAC-329B-D86F-8C56-2
105240/11f10e52d8a57cbd3e731,1,1,1,0,10.5240/11F1-0E52-D8A5-7CBD-3E73-1
105240/118fbb7a4ce018215f33g,1,1,1,0,10.5240/118F-BB7A-4CE0-1821-5F33-G
105240/118534b8bbf218856f183,1,1,1,0,10.5240/1185-34B8-BBF2-1885-6F18-3
105240/11435193eb48f51180aef,1,1,1,0,10.5240/1143-5193-EB48-F511-80AE-F
105240/113121ee07756cbfe017u,1,1,1,0,10.5240/1131-21EE-0775-6CBF-E017-U
105240/10e75957b9171fcf18a0m,1,1,1,0,10.5240/10E7-5957-B917-1FCF-18A0-M
105240/1075903145507a5322c81,1,1,1,0,10.5240/1075-9031-4550-7A53-22C8-1
105240/106fb82abca4562a586fq,1,1,1,0,10.5240/106F-B82A-BCA4-562A-586F-Q
105240/0fe732e09b0daa8fa1768,1,1,1,0,10.5240/0FE7-32E0-9B0D-AA8F-A176-8
105240/0f22be1984a2304288b5k,1,1,1,0,10.5240/0F22-BE19-84A2-3042-88B5-K
105240/0f03bb98d3460fcb6207p,1,1,1,0,10.5240/0F03-BB98-D346-0FCB-6207-P
105240/0ef8154aec24e4ef9736u,1,1,1,0,10.5240/0EF8-154A-EC24-E4EF-9736-U
105240/0eed19279880740d3661l,1,1,1,0,10.5240/0EED-1927-9880-740D-3661-L
105240/0e33e2ee56d024b4b4e5r,1,1,1,0,10.5240/0E33-E2EE-56D0-24B4-B4E5-R
105240/0df8747f307d8ccd7a2fo,1,1,1,0,10.5240/0DF8-747F-307D-8CCD-7A2F-O
105240/0dcd66993673d813c635c,1,1,1,0,10.5240/0DCD-6699-3673-D813-C635-C
105240/0d8c50ef02a53cf9c31ek,1,1,1,0,10.5240/0D8C-50EF-02A5-3CF9-C31E-K
105240/0d1c4080336455b07c54o,1,1,1,0,10.5240/0D1C-4080-3364-55B0-7C54-O
105240/0cce1d94c94f81dc3baf7,1,1,1,0,10.5240/0CCE-1D94-C94F-81DC-3BAF-7
105240/0ccd110e440566fc557d9,1,1,1,0,10.5240/0CCD-110E-4405-66FC-557D-9
105240/0c24797747b1d2be7887r,1,1,1,0,10.5240/0C24-7977-47B1-D2BE-7887-R
105240/0c1a993867c6e887b135y,1,1,1,0,10.5240/0C1A-9938-67C6-E887-B135-Y
105240/0bfa9919c064ac3627c5z,1,1,1,0,10.5240/0BFA-9919-C064-AC36-27C5-Z
105240/0b99f01b51722074be5fm,1,1,1,0,10.5240/0B99-F01B-5172-2074-BE5F-M
105240/0b5630a510a32c4b25d6l,1,1,1,0,10.5240/0B56-30A5-10A3-2C4B-25D6-L
105240/0b3d72ec7b961fd31152t,1,1,1,0,10.5240/0B3D-72EC-7B96-1FD3-1152-T
105240/0b256c3107682ec115f0z,1,1,1,0,10.5240/0B25-6C31-0768-2EC1-15F0-Z
105240/0aa1a7505f1109b90c73m,1,1,1,0,10.5240/0AA1-A750-5F11-09B9-0C73-M
105240/0a90cfccdaab92f918ffa,1,1,1,0,10.5240/0A90-CFCC-DAAB-92F9-18FF-A
105240/0a8940172ed5d1990491h,1,1,1,0,10.5240/0A89-4017-2ED5-D199-0491-H
105240/0a44003400bd40b473f2h,1,1,1,0,10.5240/0A44-0034-00BD-40B4-73F2-H
105240/0a14a1433bcea284b008u,1,1,1,0,10.5240/0A14-A143-3BCE-A284-B008-U
105240/0a11d579a7b9c033140b9,1,1,1,0,10.5240/0A11-D579-A7B9-C033-140B-9
105240/0a11c6317b36540a83bds,1,1,1,0,10.5240/0A11-C631-7B36-540A-83BD-S
105240/09fb94bb8a95859410d1n,1,1,1,0,10.5240/09FB-94BB-8A95-8594-10D1-N
105240/09f7a4a7336cecada19c4,1,1,1,0,10.5240/09F7-A4A7-336C-ECAD-A19C-4
105240/0934a312d77013e475310,1,1,1,0,10.5240/0934-A312-D770-13E4-7531-0
105240/090b9713e5e8ab641321j,1,1,1,0,10.5240/090B-9713-E5E8-AB64-1321-J
105240/08c7d182ad6d520b8c76s,1,1,1,0,10.5240/08C7-D182-AD6D-520B-8C76-S
105240/0894a556f93adce33a428,1,1,1,0,10.5240/0894-A556-F93A-DCE3-3A42-8
105240/087872b78a4681a8267e1,1,1,1,0,10.5240/0878-72B7-8A46-81A8-267E-1
105240/080b9c1f714202fa756fw,1,1,1,0,10.5240/080B-9C1F-7142-02FA-756F-W
105240/07e28f1d264926862d6d1,1,1,1,0,10.5240/07E2-8F1D-2649-2686-2D6D-1
105240/07d065b57dcb1182f62ed,1,1,1,0,10.5240/07D0-65B5-7DCB-1182-F62E-D
105240/079b7f167d46f20366b58,1,1,1,0,10.5240/079B-7F16-7D46-F203-66B5-8
105240/078c28bd3f86fd05ad15i,1,1,1,0,10.5240/078C-28BD-3F86-FD05-AD15-I
105240/077abad57849dce8368a9,1,1,1,0,10.5240/077A-BAD5-7849-DCE8-368A-9
105240/072815bc470683cb7d55w,1,1,1,0,10.5240/0728-15BC-4706-83CB-7D55-W
105240/06d2f5ebf66d02b60a0el,1,1,1,0,10.5240/06D2-F5EB-F66D-02B6-0A0E-L
105240/06253ad35f107c31c356a,1,1,1,0,10.5240/0625-3AD3-5F10-7C31-C356-A
105240/0607f0c49c516ee96d6dx,1,1,1,0,10.5240/0607-F0C4-9C51-6EE9-6D6D-X
105240/05f31965137eb9460e61h,1,1,1,0,10.5240/05F3-1965-137E-B946-0E61-H
105240/05f0758a942d76336f30p,1,1,1,0,10.5240/05F0-758A-942D-7633-6F30-P
105240/05cc4233bd3169a641130,1,1,1,0,10.5240/05CC-4233-BD31-69A6-4113-0
105240/05aee6b82da7408d20b0h,1,1,1,0,10.5240/05AE-E6B8-2DA7-408D-20B0-H
105240/056d26e747aaf6f13bcal,1,1,1,0,10.5240/056D-26E7-47AA-F6F1-3BCA-L
105240/0560ed1cf097801a0d31t,1,1,1,0,10.5240/0560-ED1C-F097-801A-0D31-T
105240/0559cf7d40f2e4685274u,1,1,1,0,10.5240/0559-CF7D-40F2-E468-5274-U
105240/0553ae1d9750d9c76806i,1,1,1,0,10.5240/0553-AE1D-9750-D9C7-6806-I
105240/0539758c6a7476bb1ca6b,1,1,1,0,10.5240/0539-758C-6A74-76BB-1CA6-B
105240/05360a849b7831230545e,1,1,1,0,10.5240/0536-0A84-9B78-3123-0545-E
105240/04c89210b8b400ea4d8ck,1,1,1,0,10.5240/04C8-9210-B8B4-00EA-4D8C-K
105240/045e27a8123f27e7d604j,1,1,1,0,10.5240/045E-27A8-123F-27E7-D604-J
105240/0452b22d9804565b87605,1,1,1,0,10.5240/0452-B22D-9804-565B-8760-5
105240/03e7ad560f602392a1ffk,1,1,1,0,10.5240/03E7-AD56-0F60-2392-A1FF-K
105240/03de9ba4a5804b679d87o,1,1,1,0,10.5240/03DE-9BA4-A580-4B67-9D87-O
105240/03dae0caa2cd1e6b1bdej,1,1,1,0,10.5240/03DA-E0CA-A2CD-1E6B-1BDE-J
105240/03b2d192ee52c065bc9an,1,1,1,0,10.5240/03B2-D192-EE52-C065-BC9A-N
105240/02ebf3d9dbed9a1f957bb,1,1,1,0,10.5240/02EB-F3D9-DBED-9A1F-957B-B
105240/02ac6d5ab88828bfeff1r,1,1,1,0,10.5240/02AC-6D5A-B888-28BF-EFF1-R
105240/0281362511ff1283582ao,1,1,1,0,10.5240/0281-3625-11FF-1283-582A-O
105240/026c598b11de3c43593ed,1,1,1,0,10.5240/026C-598B-11DE-3C43-593E-D
105240/01dc99553c8cf3e6d8b4g,1,1,1,0,10.5240/01DC-9955-3C8C-F3E6-D8B4-G
105240/01d44ae475e7f8dfc6bf8,1,1,1,0,10.5240/01D4-4AE4-75E7-F8DF-C6BF-8
105240/01ca54853a9a3043f480b,1,1,1,0,10.5240/01CA-5485-3A9A-3043-F480-B
105240/0194ee830fe2ef84c576l,1,1,1,0,10.5240/0194-EE83-0FE2-EF84-C576-L
105240/0157cd86d18a34342849e,1,1,1,0,10.5240/0157-CD86-D18A-3434-2849-E
105240/00fb980d1b8c72e825ce7,1,1,1,0,10.5240/00FB-980D-1B8C-72E8-25CE-7
105240/00a7792fd5ea47cf4073u,1,1,1,0,10.5240/00A7-792F-D5EA-47CF-4073-U
105240/008bb736b5022b6ea352l,1,1,1,0,10.5240/008B-B736-B502-2B6E-A352-L
105240/00513fa6008e516d7bfcs,1,1,1,0,10.5240/0051-3FA6-008E-516D-7BFC-S
105240/0035d9b14fb9cec3b2079,1,1,1,0,10.5240/0035-D9B1-4FB9-CEC3-B207-9
105240/003461a0eb84a87661fcb,1,1,1,0,10.5240/0034-61A0-EB84-A876-61FC-B
